Time,Screen Name,Tweet,RT,Followers
0:00:00,@RemyKyd,RT @_feel_the_bern_: #FeelTheBern The Only Presidential Candidate That Makes Indian Country a Priority: Native People Feeling the Be... httâ€¦,21,969
0:01:00,@Jvirden22,"""Bernie people are going after Trump cause he's in the lead""-Scott Brown. WHAT?!? Wait.Y am I even surprised at blind ignorance #FeelTheBern",1,2
0:01:00,@VictorB836,RT @USMCLiberal: My new profile pic - seems appropriate. #FeelTheBern #vets4bernie #veterans #Iraqwar #BernieSanders #Bernie2016 http://t.â€¦,29,1921
0:01:00,@NMwomen4Bernie,"RT @NCForBernie: Let's keep it going sisters & brothers. Phone bank, canvass &amp; donate. https://t.co/nb8KTHUJrw #FeelTheBern https://t.co/X2â€¦",55,46
0:01:00,@iamshunkwugga,RT @Libertea2012: Finally the TRUTH: @DWStweets is a disgrace | #BernieOrBustâ€¼ #FeelTheBern #UniteBlue #1u #p2 https://t.co/XFkPb7hRJq httpâ€¦,15,259
0:01:00,@JMP_Mulcahy,Reality setting in. Hillary will get Democratic nomination. Fact. #FeelTheBern #FeelinTheBernOut,0,2320
0:01:00,@feathersnpaws,How the oligarchs & GOP have bled the 99% &amp; made us fight each other for the crumbs. #HillNo #FeelTheBern @cenkuygur https://t.co/bhWjNz6Fzc,7,73
0:01:00,@abioluboode,"RT @MrDane1982: Some may #FeelTheBern, but here's why we're (@azcentral ) endorsing #HillaryClinton in the #AZPrimary https://t.co/WAmYyFjDâ€¦",20,6795
0:01:00,@_cosmokeysha,RT @BerniePapers: RT for a chance to win a free pack of #FeelTheBern papers! Order now @ https://t.co/S5cROC8RQo ðŸ˜Ž https://t.co/OGFOrPGTRP,123,200
0:01:00,@alp3661,"Bernie Sanders Blows Out Donald Trump As 14,000 Show Up For Salt Lake City #FeelTheBern Rally via @politicususa https://t.co/2wWQr9m2AP",0,816
0:01:00,@moran1998_moran,RT @asmith001992: Utah <3 #FeelTheBern #Bernie2016 #BernieSanders #StillSanders https://t.co/WPy75xY8mf,30,1134
0:01:00,@ktnicoll87,RT @RoseAnnDeMoro: The Establishment is using MSM to choose the winner for us. But we will win the West! #StillSanders #FeelTheBern https:/â€¦,197,5194
0:01:00,@keyserlynnv,#StillSanders #AlwaysSanders #FeelTheBern #NeverHillary https://t.co/mZUGaY8jr8,0,6593
0:01:00,@sanders4all,RT @Angeria7777: #WeAreBernie #BernieOrBust #StillSanders #Bernie2016 #FeelTheBern https://t.co/wjPohnFajf,13,1843
0:01:00,@ktnicoll87,RT @People4Bernie: Add your name. Tell @pfizer to pay the taxes they owe! #FeelTheBern https://t.co/3fMBPKFzmG https://t.co/JO29rcZh1K,171,3432
0:01:00,@foreverrpaola,RT @RaeSremmurd: #FeelTheBern https://t.co/W8cfVV9Vmx,126,405
0:01:00,@MamaBear64,RT @Libertea2012: Finally the TRUTH: @DWStweets is a disgrace | #BernieOrBustâ€¼ #FeelTheBern #UniteBlue #1u #p2 https://t.co/XFkPb7hRJq httpâ€¦,15,541
0:01:00,@RenRandall,RT @People4Bernie: Add your name. Tell @pfizer to pay the taxes they owe! #FeelTheBern https://t.co/3fMBPKFzmG https://t.co/JO29rcZh1K,171,73
0:01:00,@ideasloop,"Bernie is BY FAR the best Democratic candidate in 40+ years. We must seize the opportunity NOW with TOTAL, UNWAVERING SUPPORT! #feelthebern",0,1134
0:01:00,@rafie281,RT @BayArea4Bernie: Who's in? Just 10 minutes a day could make a huge difference. #NotMeUs #FeelTheBern https://t.co/zvT2SOvg75 https://tâ€¦,20,5194
0:01:00,@TwistedFog,RT @kimfrederi: Wth? No Bernie this is not presidential & won't win #AZPrimary #azprimario #FeelTheBern https://t.co/tcWYbHb4J9 https://t.â€¦,36,46
0:01:00,@bayarea_bias,"RT @Bernie_Facts: For the sake of the Democratic Party, the general election, and America, Bernie has to be the nominee. #StillSanders #Feeâ€¦",46,122
0:01:00,@WaAmaLionTruth,.@HillaryClinton #FeelTheBern,0,23
0:01:00,@JessKerr16,"RT @People4Bernie: We're here to build power with love and understanding, not hate and contempt #UtahCaucus #FeelTheBern https://t.co/ryuoeâ€¦",189,295
0:01:00,@IanMolony,RT @GlennHeiser: California! Stand Up for Your Right to Be Counted in a Democracy! #FeelTheBern #BernieSanders #Bernie #California https://â€¦,75,23
0:01:00,@baroqueartisan,"RT @BernieVolunteer: Today: #BernieSanders rally #Utah #SaltLakeCity. 10,000+ expected for rally on Monday. #feelthebern #follow4follow httâ€¦",24,232
0:01:00,@jennycatotally,RT @RaeSremmurd: #FeelTheBern https://t.co/W8cfVV9Vmx,126,16
0:01:00,@ladyjulbug,Bernie Sanders Rally Flagstaff Arizona (3-17-16) https://t.co/axT5VTTCYL He gave a great speech! #FeelTheBern,0,2142
0:01:00,@cruise_peter,RT @ND4Bernie: @funkinatrix #AxeEm #Texas #SFAustin #GetInTheGame #FeelTheBern @BerninForBernie @Women4BernieTX @TexasForBernie https://t.â€¦,6,83
0:01:00,@indigoace40,RT @Libertea2012: RT For 30 years has Bernie Sanders stood up for workers in this country. #FeelTheBern #Bernie2016 https://t.co/uaYiee3528â€¦,47,118
0:01:00,@davidlmoffett,"RT @femischo: Today at our ""socialist"" public library @BernieSanders @Women4Bernie #FeelTheBern @VetsForBernie @Humanist4Bernie https://t.â€¦",71,2142
0:01:00,@keyserlynnv,#StillSanders #AlwaysSanders #FeelTheBern #NeverHillary https://t.co/miZfX5KtFc,0,1105
0:02:00,@baroqueartisan,"RT @BernieVolunteer: 10,000+ #BernieSanders supporters #SALTLAKECITY in #Utah. #FeelTheBern #teamfollowback #follow4follow #f4f https://t.câ€¦",17,140
0:02:00,@richyfeIix,#FEELTHEBERN TUCSON!! WE STAND WITH YOU BERNIE! â¤ï¸,7,473
0:02:00,@NMwomen4Bernie,RT @kujo71: Activist Julian Mack explains his support for Sen. Sanders on Vimeo #FeelTheBern #BernieSanders https://t.co/5nNZP932Aw,11,79
0:02:00,@greenmitera,Nope - and everything you tweet about is less than 50% her. #1u actually means the workers. They #FeelTheBern https://t.co/Ua4WOOn9OX,1,76
0:02:00,@RealHClinton,#FeelTheBern #whichhillary #BernieOrBust #Bernie2016 #BernieForThePeople #stillsanders #ReleaseTheTranscripts https://t.co/gEpdKlAZwi,0,2643
0:02:00,@angel_berina,RT @EmanMeh: Phoenix* Is a big day* Protestors expected* #Bernie2016* #FeelTheBern* https://t.co/81I5JyP26S,64,558
0:02:00,@_brianna09,RT @richyfeIix: #FEELTHEBERN TUCSON!!! â¤ï¸ https://t.co/3gJElgf6JW,5,232
0:02:00,@maimmee,Here he comes to save the daaay... ðŸ’ªðŸ¼ðŸ”¥ #FeelTheBern https://t.co/4hUtV6B1R7,0,1736
0:02:00,@VictorB836,RT @TweetingYarnie: GOP wants to cut benefits in half of Veterans. Tell them NO! #FeelTheBern #DefendTheGIBill https://t.co/b9yCW0rDEm httâ€¦,45,15
0:02:00,@marthaflores_,RT @EmanMeh: Phoenix* Is a big day* Protestors expected* #Bernie2016* #FeelTheBern* https://t.co/81I5JyP26S,64,626
0:02:00,@drwhovian51,@HillaryClinton https://t.co/Vfnhw99VJM stahp... #WhichHillary? #StillSanders #FeelTheBern https://t.co/9kwGmirZEc,0,59
0:02:00,@Wild_Card09,RT @JMP_Mulcahy: FREE AUTO BODY REPAIR SCHOOL #FeelTheBern,3,271
0:02:00,@_brianna09,RT @maria_jose11999: #FeelTheBern please go out and vote for Bernie on Tuesday! https://t.co/Stt5IrVr8S,2,44561
0:02:00,@filthypinhead,RT @richyfeIix: #FEELTHEBERN TUCSON!! WE STAND WITH YOU BERNIE! â¤ï¸,7,175
0:02:00,@ReasonBrigade,"RT @Thisistheplace1: Just got the official count 14,000 people came to This Is The Place to see #BernieSanders! #FeelTheBern #Bernie2016 htâ€¦",13,286
0:02:00,@jamescipriano,RT @NCForBernie: This is important info for independent voters in upcoming elections. Please Re-tweet. #FeelTheBern #Bernie2016 https://t.câ€¦,356,662
0:02:00,@RealHClinton,#FeelTheBern #whichhillary #BernieOrBust #Bernie2016 #BernieForThePeople #stillsanders #ReleaseTheTranscripts https://t.co/wv37W35RVy,0,321
0:02:00,@swermpls,RT @Libertea2012: Itâ€™s time for a single-payer health care system in America. #Bernie2016 #FeelTheBern https://t.co/Y3ajphoCkp https://t.coâ€¦,13,261
0:02:00,@keyserlynnv,#StillSanders #AlwaysSanders #FeelTheBern #NeverHillary #UTPrimary https://t.co/3B5HoLX20t,0,317
0:02:00,@Astro_journey,America is an oligarchy. #WeNotMe can stop this. #FeelTheBern #PoliticalRevolution #CitizensUnited @SenSanders https://t.co/PNkm5r2tAi,0,2134
0:02:00,@miriam0329,RT @Libertea2012: Integrity cannot be bought. Support Bernie Sanders! #FeelTheBern #UniteBlue #1u https://t.co/6m6XnV1wTq https://t.co/4kbhâ€¦,8,147
0:02:00,@BernieEventsOC,RT @BenJealous: Utah. Today. #FeelTheBern https://t.co/4IQGmisC9b,160,435
0:02:00,@thegarz,NotSurprised #whichhillary #FeelTheBern #NotForSale #HistoryByHillary https://t.co/O0E6huh3oL,0,7717
0:02:00,@Sanders_4_POTUS,Bernie Sanders Music Videos YouTube https://t.co/5AlB42dVTb #FeelTheBern #BernieSanders #Bernie2016 d,0,6271
0:02:00,@indiecitizn,RT @BayArea4Bernie: Who's in? Just 10 minutes a day could make a huge difference. #NotMeUs #FeelTheBern https://t.co/zvT2SOvg75 https://tâ€¦,20,104
0:02:00,@RemyKyd,RT @HawaiiforBernie: This Friday @ UH Manoa! Live performances! #FeelTheBern #BernieSanders #hawaiiforbernie #bandsforbernie https://t.co/aâ€¦,24,3097
0:02:00,@gigglebits11,RT @PDX_For_Bernie: Do I need to say anything else? Keep fighting. We WILL win #FeelTheBern #BernieSanders #Bernie2016 #StillSanders httpsâ€¦,31,1799
0:02:00,@zoeshelby1900,RT @Moonbattery1: Open Thread https://t.co/Z6Y4XGP0Sb #FeelTheBern #tcot #PJNET https://t.co/LD9Zhyln2F,14,63
0:02:00,@RealHClinton,#FeelTheBern #whichhillary #BernieOrBust #Bernie2016 #BernieForThePeople #stillsanders #ReleaseTheTranscripts https://t.co/LFCyPGJgLA,0,305
0:02:00,@gypsy_bby,RT @richyfeIix: #FEELTHEBERN TUCSON!! WE STAND WITH YOU BERNIE! â¤ï¸,7,17
0:02:00,@BernieEventsOC,"RT @spandakolis22: Can't believe how beautiful it was today in Salt Lake, Utah at the #BernieRally #TheWestIsYetToCome #FeelTheBern https:/â€¦",68,78871
0:02:00,@espinosa_geri,RT @richyfeIix: #FEELTHEBERN TUCSON!! WE STAND WITH YOU BERNIE! â¤ï¸,7,1424
0:02:00,@stewalaniz,#FeelTheBern https://t.co/ILaInR16RB,0,1193
0:02:00,@nospig,RT @GSElevator: Socialism gets a lesson in free markets. #FeelTheBern https://t.co/exiYgz03yb,1276,3644
0:02:00,@zoe_blueeyesbae,"RT @Blunt_Doctor_RX: I've never been so honored to know people as I was then, standing among other Bernie supporters who fought for our voiâ€¦",10,1756
0:02:00,@swermpls,"RT @NCForBernie: Utah Feels the Bern as 14,000 Turnout for Sanders in Salt Lake City https://t.co/VEvhC339st #FeelTheBern #Bernie2016",110,146
0:02:00,@Celtic_Barb,Why Blue & Swing State Wins R the Only Wins that Matter https://t.co/BxASIFmZzf #Bernie #bernie2016 #FeelTheBern #progressive #Vote #primary,0,454
0:03:00,@RemyKyd,RT @Daguirre84: #Bernie2016 in #SaltLakeCity #FeelTheBern I was there. It mattered. Utah matters. Go to caucus 3/22. https://t.co/yW0Ug2yeb2,23,3872
0:03:00,@wallstsuperstar,RT @feathersnpaws: How the oligarchs & GOP have bled the 99% &amp; made us fight each other for the crumbs. #HillNo #FeelTheBern @cenkuygur httâ€¦,7,146
0:03:00,@baroqueartisan,RT @dadiniowa: #Arizona #AZPrimary We are counting on you #Az! Get out the vote for #BernieSanders! #Thankyou! #feelthebern ðŸ”¥ https://tâ€¦,17,212
0:03:00,@gkielec,RT @cd5762: #Vets4Bernie I support Bernie b/c he won't allow the GOP to privatize the VA. #FeelTheBern http://t.co/xcRru9x20e http://t.coâ€¦,28,627
0:03:00,@evehnyc_eve,RT @heavyd0010: Went to Bernie Sanders rally in Idaho falls #FeelTheBern @BernieSanders https://t.co/lKcfQYZsyA,1,180
0:03:00,@cruise_peter,RT @TweetingYarnie: GOP wants to cut benefits in half of Veterans. Tell them NO! #FeelTheBern #DefendTheGIBill https://t.co/b9yCW0rDEm httâ€¦,45,2688
0:03:00,@indiecitizn,RT @LollipopCrumbs: Hawaii residents- Rock the vote on March 26! Registration starts at noon! #Wahine4Bernie #FeelTheBern #Hawaii4Bernie htâ€¦,30,1259
0:03:00,@sophia_mahmud,"RT @People4Bernie: Idaho, Arizona, and Utah are ready for a political revolution. Let's make sure they start building one: https://t.co/NLAâ€¦",437,109
0:03:00,@kuriuskat,RT @Vets4Bernie: Hillary Clinton listens to Henry Kissinger for foreign policy advice. #Vets4Bernie #FeelTheBern https://t.co/lXyE7Eb3HL,245,862
0:03:00,@redrabbitsnpow2,"RT @StopNuclearWar: We treat our pets royally. So, why not treat our planet royally? https://t.co/mvVHMB6GUD #FeeltheBern #ClimateChange",2,1218
0:03:00,@RadioFreeBernie,The Mission...save the Planet. #RadioFreeBernie #RFB #FeelTheBern @RadioFreeBernie on #WWBD #Bernie2016... https://t.co/PGLCbZB9Tr,0,454
0:03:00,@TheresaSchroe14,RT @dadiniowa: #Arizona #AZPrimary We are counting on you #Az! Get out the vote for #BernieSanders! #Thankyou! #feelthebern ðŸ”¥ https://tâ€¦,17,135
0:03:00,@61_alvin,RT @BernieBrigade: Bernie Sanders Just Declared War on Pfizer for Tax Dodger Scheme https://t.co/PBM7coMT9W #FeelTheBern,31,146
0:03:00,@ktnicoll87,RT @Brothers4Bernie: This brotha (me) knows better/knows history. Wont be voting 4 Hillary in CaliPrimary #BlackLivesMatter #FeelTheBern htâ€¦,22,24
0:03:00,@PParzival,RT @Libertea2012: RT For 30 years has Bernie Sanders stood up for workers in this country. #FeelTheBern #Bernie2016 https://t.co/uaYiee3528â€¦,47,385
0:03:00,@ro69126128,RT @NgullenR: Divided Political Parties Do Not Win Elections.https://t.co/aFJzYSJXmH #UniteBlue #ImWithHer #FeelTheBern #USLatino #TNTweeteâ€¦,33,2200
0:03:00,@lr4kids,"2 1/2 yr old grandson Finnegan said ""I see Bernie Sanders"" Wish he could vote! #FeelTheBern #StillSanders https://t.co/S9Fjdq2x70",2,518
0:03:00,@Hersch_McGersch,Bernie Sanders #FEELtheBERN Large White Custom Decal IntlShip #BLM #BLM #dnc #BLM #p2 https://t.co/rRkTZagggl,1,1946
0:03:00,@BrStormer,"RT @bernielovers: #feelthebern - Utah Feels the Bern as 14,000 Turnout for Sanders in Salt Lake City https://t.co/PsEULRa0XS",14,3894
0:03:00,@UberPSDavid,RT @NCForBernie: The path forward press call. Listen 2 the campaign's game plan going into the 2nd half of the contest. https://t.co/XtFr8â€¦,52,2285
0:03:00,@markland2018,#TheRevolutionWillBeDigitized #FeelTheBern #BerniecratsTakeCongress #MrSmithGoesToWashingtonIn2016 https://t.co/DznSYiWCY6,0,454
0:03:00,@MyTraceElements,For reals? Can't wait. #FeelTheBern #BernieSanders #imwithher #HillaryClinton #Arizona #Utah #MarchMadness https://t.co/wStSsYBPwy,0,1841
0:03:00,@NMwomen4Bernie,RT @SusanMaylone: California for Bernie Sanders! #FeelTheBern & rush the polls with everyone you know. Vote! https://t.co/KUe4tkHdQ8,22,337
0:03:00,@zoe_blueeyesbae,RT @justgrateful: @ninaturner RT-->WE ARE BERNIE https://t.co/Gb1zzPdJaM #StillSanders #BernieSanders #FeelTheBern #BernieOrBust https:â€¦,22,316
0:03:00,@SandersSnaps,#FeelTheBern https://t.co/sVRWYpMLwv https://t.co/0nzmIr0sJu,0,2023
0:03:00,@D33PAK_BHASKAR,"RT @kujo71: Buckle up, friends. Here we go with @BernieSanders! #TheWestIsYetToCome #FeelTheBern #StillSanders https://t.co/VgzaR6FyhO",67,1875
0:03:00,@Commander998381,https://t.co/foOIgBvh8z #StillSanders Facebank for Bernie! #FeelTheBern,0,173
0:03:00,@angimclarke,RT @_feel_the_bern_: #FeelTheBern The Only Presidential Candidate That Makes Indian Country a Priority: Native People Feeling the Be... httâ€¦,21,55
0:03:00,@PoliticalEditor,"RT @jonahuwo: If you can't handle a tv interview, imagine in a debate with a republican. #ImWithHer #AZPrimary #FeelTheBern https://t.co/GOâ€¦",58,110
0:03:00,@ideasloop,"@CindyCallinsky SCREAM FOR BERNIE AND DON'T STOP! When MILLIONS scream and act, it's an earthquake - a tectonic political shift #feelthebern",0,6577
0:03:00,@jamescipriano,#FeelTheBern #mediawatch #bernbabybern https://t.co/IAjnCxymFn,0,1431
,@Wadysseus,,,
,@ConSwanSmith,,,
,@ml_mcneil,,,
,@KAIJUKING23,,,
,@CodyHarve,,,
,@rafie281,,,
,@PastelKoi,,,
,@SamanthaPajor,,,
,@envsid,,,
,@PParzival,,,
,@CallawayBOT,,,
,@KamivonV,,,
,@Liz_Griffin12,,,
,@the_fire_berns,,,
,@kuriuskat,,,
,@LivingKama,,,
,@markland2018,,,
,@manionmattingly,,,
,@AnchorsAwayAdv,,,
,@maria_jose11999,,,
,@LivingKama,,,
,@zoe_blueeyesbae,,,
,@PParzival,,,
,@Mercurial891,,,
,@davidlmoffett,,,
,@livviento,,,
,@QueenKendallxx,,,
,@kishineff,,,
,@MexisforBernie,,,
,@reganwheatley,,,
,@HCOVSO,,,
,@Mooncatadams,,,
,@NeuhausBrian,,,
,@StoriesTweet,,,
,@Sam10k,,,
,@SandersSnaps,,,
,@hinslgretl,,,
,@WaAmaLionTruth,,,
,@tinapayson,,,
,@PParzival,,,
,@GisellaHandelo1,,,
,@Amanning007,,,
,@imwithbernie16,,,
,@BLUESblush,,,
,@buzbarn,,,
,@GisellaHandelo1,,,
,@GuenPage,,,
,@baylands_pa,,,
,@pigiron55,,,
,@icelander,,,
,@buckeyemimi27,,,
,@Gannon_the_Red,,,
,@RadioFreeBernie,,,
,@Jehoshua_F,,,
,@LivingKama,,,
,@DrdaveAnddee,,,
,@horridhemmo,,,
,@NeuhausBrian,,,
,@FourX801,,,
,@cclaypoole,,,
,@RealHClinton,,,
,@maaaariluz,,,
,@gellodood,,,
,@dshanewhite,,,
,@sanders4all,,,
,@GisellaHandelo1,,,
,@RodneySoundscan,,,
,@realsteveeboy,,,
,@hvlseyish,,,
,@411Regan,,,
,@mariluna329,,,
,@winterthur,,,
,@pppatticake,,,
,@PParzival,,,
,@devinedianakins,,,
,@ND4Bernie,,,
,@LauraAkers,,,
,@NathalieS_29,,,
,@kemba722,,,
,@sanders4all,,,
,@Notayot,,,
,@VictorB836,,,
,@PParzival,,,
,@Awkwardiswhoiam,,,
,@Maliheh_,,,
,@ThankYouBernie,,,
,@SideyardPale,,,
,@Adonis7538,,,
,@ConsiderThis1,,,
,@CallawayBOT,,,
,@stopthemalready,,,
,@Woofus42,,,
,@575haiku,,,
,@Selendrile,,,
,@shipo46,,,
,@DaphneW50161589,,,
,@VanStreetDog,,,
,@Vets4Bernie2016,,,
,@jamescipriano,,,
,@runsinthewind,,,
,@EnigmaNetxx,,,
,@markland2018,,,
,@Oxyraaay,,,
,@itsthepath,,,
,@tammierbarber,,,
,@nursevictoria11,,,
,@Vets4Bernie2016,,,
,@thederekmick,,,
,@BeasKnee5,,,
,@zazahan1,,,
,@jennabstone,,,
,@richyfeIix,,,
,@RadioFreeBernie,,,
,@NO_To_Socialism,,,
,@LivingKama,,,
,@AuthorBailey,,,
,@Greeenguy111,,,
,@SKITills,,,
,@AnsonHeather,,,
,@LEQ79,,,
,@LauraAkers,,,
,@redrabbitsnpow2,,,
,@jbierm02,,,
,@keyserlynnv,,,
,@Caraoqueen,,,
,@Soozieceu,,,
,@Astro_journey,,,
,@angxri,,,
,@LivingKama,,,
,@nayasala,,,
,@twinrocksOR,,,
,@jay_st_patrick,,,
,@BrianMolina44,,,
,@akeleven,,,
,@seafins,,,
,@RealHClinton,,,
,@evamarye,,,
,@Karambabrowne,,,
,@rb_film,,,
,@70DN,,,
,@rr_rosanna,,,
,@GrenierYvonne,,,
,@munya086,,,
,@Advocate4every1,,,
,@Journeyman15,,,
,@petite_lk_dude,,,
,@micheleylang,,,
,@WaterPoloTrevor,,,
,@betsee11,,,
,@alexandriaababe,,,
,@tackywhiteboi,,,
,@emilyybyrdd,,,
,@sanders4all,,,
,@txfreethinkerqt,,,
,@carolinamelody,,,
,@CaptainNeil96,,,
,@BrianBachner,,,
,@gkielec,,,
,@Barkabout413,,,
,@LesleySprague1,,,
,@MRC_SLC,,,
,@ideasloop,,,
,@vVinstonSmith,,,
,@RadioFreeBernie,,,
,@annajthorley,,,
,@akeleven,,,
,@collynthegreat,,,
,@DecalsMcSticky,,,
,@DeevElliott,,,
,@therockpile137,,,
,@zoe_blueeyesbae,,,
,@MexisforBernie,,,
,@joy1974S,,,
,@tovangar2,,,
,@sanders4all,,,
,@RealHClinton,,,
,@KimMoor06758895,,,
,@iVote4USA,,,
,@rinaisrad,,,
,@gellodood,,,
,@TheresaSchroe14,,,
,@Caraoqueen,,,
,@shanemorash1,,,
,@jscrivner,,,
,@TravesMcPunk,,,
,@DonPlaton,,,
,@dogismygod9,,,
,@VanStreetDog,,,
,@XolaniMvulana,,,
,@x_jamg,,,
,@LifeforceVibes,,,
,@thegarz,,,
,@mutehornsection,,,
,@linda38G,,,
,@kuriuskat,,,
,@tacomadan,,,
,@147DW,,,
,@frostgiant13,,,
,@markland2018,,,
,@LEQ79,,,
,@kujo71,,,
,@PParzival,,,
,@stanbozek,,,
,@merk_em,,,
,@Ben_Neato,,,
,@LauraAkers,,,
,@Maliheh_,,,
,@Moon___Sister,,,
,@RealHClinton,,,
,@DonnCole1,,,
,@kuriuskat,,,
,@April_shantel_,,,
,@American4lien,,,
,@zoe_blueeyesbae,,,
,@TheHorseSayz,,,
,@SebastianCONFOR,,,
,@Libertea2012,,,
,@Libertea2012,,,
,@GrenierYvonne,,,
,@idiotgallant,,,
,@LisaTLemoine2,,,
,@freetesla11,,,
,@joemcwhinney,,,
,@Maliheh_,,,
,@checkitoutbrah,,,
,@GOPSurvivalKit,,,
,@PensiveTM,,,
,@zackme83,,,
,@kuriuskat,,,
,@BrieHersh,,,
,@DJPhlly74,,,
,@GOPSurvivalKit,,,
,@MarkSalcedo84,,,
,@MrBillwej,,,
,@zoe_blueeyesbae,,,
,@amandamenendez,,,
,@TheQuoteHistory,,,
,@thejackalspeaks,,,
,@calicoskin,,,
,@mostawesomeblog,,,
,@akeleven,,,
,@tokyo_todd,,,
,@AnnetteBickford,,,
,@VanStreetDog,,,
,@DrdaveAnddee,,,
,@AnnetteBickford,,,
,@ConsiderThis1,,,
,@akeleven,,,
,@fuzzOli,,,
,@nayasala,,,
,@ealle_,,,
,@AnnetteBickford,,,
,@LivingKama,,,
,@redrabbitsnpow2,,,
,@shelby0166,,,
,@AnchorsAwayAdv,,,
,@AlexCSinger16,,,
,@Jariousb,,,
,@mostawesomeblog,,,
,@amandamenendez,,,
,@tacomadan,,,
,@AnnetteBickford,,,
,@neckolas_wallus,,,
,@Liv_Smaxx,,,
,@UC4Bernie,,,
,@s_rsantorini630,,,
,@HulaZen,,,
,@confuseddaaisy,,,
,@_ariannacamacho,,,
,@JoeMon49,,,
,@markland2018,,,
,@CesarOrteazer,,,
,@nani_booboo,,,
,@AnnetteBickford,,,
,@tenoutta10,,,
,@modernvags,,,
,@Lefty_McBlue,,,
,@gopats277,,,
,@keepmakingart,,,
,@damerontbh,,,
,@redrabbitsnpow2,,,
,@TrumpNation75,,,
,@LionelSlutz,,,
,@saramarie1987,,,
,@nani_booboo,,,
,@VanStreetDog,,,
,@GlennHeiser,,,
,@SFCHCP123,,,
,@emulsiondown,,,
,@rodadams46,,,
,@Gannon_the_Red,,,
,@LivingKama,,,
,@mrmrsnever,,,
,@PghFox,,,
,@mrmrsnever,,,
,@maharba77,,,
,@FreakPowerTix,,,
,@erinschmitt66,,,
,@osuguppy,,,
,@maharba77,,,
,@gildedforest,,,
,@Jariousb,,,
,@LivingKama,,,
,@rafie281,,,
,@TheresaSchroe14,,,
,@robb_chavez,,,
,@damerontbh,,,
,@mariluna329,,,
,@crystalfireburn,,,
,@Moon___Sister,,,
,@CallawayBOT,,,
,@marxbanter,,,
,@NoGodCanSaveYou,,,
,@shelby0166,,,
,@LauraSisuSalo,,,
,@jgobble,,,
,@EvenThat,,,
,@merlin12163,,,
,@AshHarmony,,,
,@MarchOnTheDNC,,,
,@Gannon_the_Red,,,
,@KimiG33,,,
,@rafie281,,,
,@ideasloop,,,
,@erinkmcox,,,
,@RAboyme,,,
,@Gannon_the_Red,,,
,@velvetrev,,,
,@rubies4ruth,,,
,@Hersch_McGersch,,,
,@emprestheodora,,,
,@shipman96,,,
,@LivingKama,,,
,@ineeshadvs,,,
,@OldsterLady,,,
,@_ariannacamacho,,,
,@capleen,,,
,@RedwoodGirl,,,
,@VazupitsTejlor,,,
,@nursevictoria11,,,
,@Braybraydz,,,
,@Arizonadog1,,,
,@PsyStefano,,,
,@tayslawson,,,
,@windowtothesoul,,,
,@UmarHSoaries,,,
,@Vivacious_Kayla,,,
,@WendyleaWade,,,
,@GOPSurvivalKit,,,
,@Gannon_the_Red,,,
,@Vivacious_Kayla,,,
,@keyserlynnv,,,
,@MattMacroPika,,,
,@GOPSurvivalKit,,,
,@freetesla11,,,
,@maryfranholm,,,
,@countryb4,,,
,@deadkitty77,,,
,@tjplsn,,,
,@GOPSurvivalKit,,,
,@GOPSurvivalKit,,,
,@ZBanshee,,,
,@Maliheh_,,,
,@togeika,,,
,@HayleyCunneen,,,
,@crystalfireburn,,,
,@brunorola,,,
,@RaySlamb,,,
,@AnnetteBickford,,,
,@Ohlalove_,,,
,@ND4Bernie,,,
,@Limamoro42,,,
,@madeforhire,,,
,@RaySlamb,,,
,@aheffne,,,
,@berg_313,,,
,@gildedforest,,,
,@karlasalto,,,
,@SuckMyLEFTJuan,,,
,@Quicksilver2723,,,
,@mrmrsnever,,,
,@Felt_the_Bern,,,
,@Limamoro42,,,
,@relombardo3,,,
,@aheffne,,,
,@AnnetteBickford,,,
,@SpottyIreland,,,
,@TheSolarSpirit,,,
,@txfreethinkerqt,,,
,@shakenbaker52,,,
,@itsthepath,,,
,@jexaminerai,,,
,@dirtyminds832,,,
,@BrStormer,,,
,@jeannette722,,,
,@fuzzOli,,,
,@Blunt_Doctor_RX,,,
,@UmarHSoaries,,,
,@KSP_Collins,,,
,@NMwomen4Bernie,,,
,@LongArcher_,,,
,@get_enlightened,,,
,@TheGreatShidax,,,
,@calsquared,,,
,@NMwomen4Bernie,,,
,@DispatchesUSA,,,
,@erperez_,,,
,@RaySlamb,,,
,@WendyleaWade,,,
,@Ae4Bernie,,,
,@SFCHCP123,,,
,@PaulRose32,,,
,@jeannette722,,,
,@Dahlgrenvb,,,
,@KimMoor06758895,,,
,@BlueUpali,,,
,@BrodieAvL,,,
,@preparedpatrio1,,,
,@PaulRose32,,,
,@hairymelvin,,,
,@lish0531,,,
,@Soozieceu,,,
,@Wally2k316,,,
,@BrStormer,,,
,@StartinNow,,,
,@ladybugpicnics,,,
,@MagJane1,,,
,@Burbankers,,,
,@JamesMArcher,,,
,@cdamiconyc,,,
,@valerie_cullins,,,
,@BestCardReaders,,,
,@NoTAGAMEzQ,,,
,@Lefty_McBlue,,,
,@Burbankers,,,
,@UvKLvr47,,,
,@Ron___Wilson,,,
,@ANADIRECTION15,,,
,@ArniePyeNthaSky,,,
,@NMwomen4Bernie,,,
,@OVERCOMER2TEN,,,
,@valerie_cullins,,,
,@NMwomen4Bernie,,,
,@dfletterhowe,,,
,@mobygrapefan,,,
,@Sniderfamily5,,,
,@cainsolo,,,
,@NMwomen4Bernie,,,
,@CKHyppolite,,,
,@bernie_shirts,,,
,@Taylor_Sara27,,,
,@Jehoshua_F,,,
,@Helixase,,,
,@swallow1949,,,
,@Saaraay_,,,
,@txfreethinkerqt,,,
,@pookstahr,,,
,@haydenlmora,,,
,@JeanEBraveaux,,,
,@SallyrenSally,,,
,@seasofear,,,
,@JVER1,,,
,@Fixer_guy,,,
,@shells2014,,,
,@JesusOurLorde,,,
,@ionse,,,
,@MJanovic,,,
,@V4CCIINE,,,
,@nrauhauser,,,
,@nrauhauser,,,
,@UnitePunk,,,
,@UnitePunk,,,
,@KimSeattle1,,,
,@pier_my,,,
,@RealCPoe,,,
,@swallow1949,,,
,@yobob007,,,
,@Fixer_guy,,,
,@nurse4lyf73,,,
,@GrenierYvonne,,,
,@MJanovic,,,
,@valerie_cullins,,,
,@marylovefreedom,,,
,@DaphneW50161589,,,
,@valerie_cullins,,,
,@TopherJMoss,,,
,@MontriciaHubba1,,,
,@Gannon_the_Red,,,
,@FoxCindyfox,,,
,@decalarama,,,
,@DecalsMcSticky,,,
,@RaySr1946,,,
,@karensturgill5,,,
,@krystalmeth_od,,,
,@sanders4all,,,
,@N_Manning10,,,
,@akeleven,,,
,@DonaldjBismarck,,,
,@MontriciaHubba1,,,
,@HulaZen,,,
,@ibstevie,,,
,@freqflyer_ck,,,
,@sgteatme2012,,,
,@kprugman,,,
,@ProWhites,,,
,@artistic_rach,,,
,@cd5762,,,
,@Limamoro42,,,
,@kprugman,,,
,@43a6f0ce5dac4ea,,,
,@emulsiondown,,,
,@sanders4all,,,
,@angxri,,,
,@aghtxst,,,
,@Ms_Blaze_Inc,,,
,@joheem,,,
,@brooklynnygirl,,,
,@MKlave,,,
,@stylistkavin,,,
,@kprugman,,,
,@jeannette722,,,
,@ClydesPlace,,,
,@quantalooped,,,
,@aloysiusbe,,,
,@amarettoBliss,,,
,@CitizensForBern,,,
,@Ms_Blaze_Inc,,,
,@LionelSlutz,,,
,@thatkimberlygrl,,,
,@kprugman,,,
,@mikesldy6969,,,
,@AndyKirn,,,
,@Milli_Smalls,,,
,@DrdaveAnddee,,,
,@JMP_Mulcahy,,,
,@peteandbrenda,,,
,@emulsiondown,,,
,@Rogue_daemon,,,
,@Maliheh_,,,
,@CitizensForBern,,,
,@HulaZen,,,
,@BlueLightsShine,,,
,@jones410,,,
,@petite_lk_dude,,,
,@tripinfool,,,
,@ValuesCommon,,,
,@AnchorsAwayAdv,,,
,@emulsiondown,,,
,@rafie281,,,
,@Jmrhem14,,,
,@fam5jruss,,,
,@CitizensForBern,,,
,@Kelticca,,,
,@tjlabey,,,
,@MontriciaHubba1,,,
,@jmauricetitus,,,
,@HSiets,,,
,@mkboli,,,
,@andrewmantilla_,,,
,@fam5jruss,,,
,@__rhyanna,,,
,@bumbagottatv,,,
,@jeannette722,,,
,@SeaDimon,,,
,@Ms_Blaze_Inc,,,
,@RaySlamb,,,
,@jjwawrzyniak,,,
,@jeannette722,,,
,@baylands_pa,,,
,@KundaFlow,,,
,@itsthepath,,,
,@jamesjohnrod,,,
,@WildPowers,,,
,@SeaDimon,,,
,@alexcpalacioss,,,
,@nikiashton,,,
,@Ms_Blaze_Inc,,,
,@Jehoshua_F,,,
,@AnchorsAwayAdv,,,
,@CindyCallinsky,,,
,@emulsiondown,,,
,@IAmKaiserz,,,
,@OVERCOMER2TEN,,,
,@KundaFlow,,,
,@RaySlamb,,,
,@whiteloveforall,,,
,@nursevictoria11,,,
,@briannan1717,,,
,@jjwawrzyniak,,,
,@themarkbrazill,,,
,@jeannette722,,,
,@YazminCampa_,,,
,@_Malikalovess,,,
,@LongArcher_,,,
,@LymanTColeJr,,,
,@RaySlamb,,,
,@devinedianakins,,,
,@RaySlamb,,,
,@themarkbrazill,,,
,@Bucco_Blast,,,
,@Wild_Card09,,,
,@novenator,,,
,@DaphneW50161589,,,
,@jeannette722,,,
,@mekarewillis,,,
,@Sonichu1,,,
,@concerned_chi,,,
,@CallawayBOT,,,
,@aheffne,,,
,@TrapBernie,,,
,@mobygrapefan,,,
,@jeannette722,,,
,@wimberley_jake,,,
,@swordfernlady,,,
,@kylooooorennnnn,,,
,@SebastianCONFOR,,,
,@RaySlamb,,,
,@nkolara,,,
,@RaySlamb,,,
,@CindyCallinsky,,,
,@UvKLvr47,,,
,@Ms_Blaze_Inc,,,
,@nursevictoria11,,,
,@emily_f66,,,
,@jeannette722,,,
,@LivMoiToi,,,
,@pjmyers24,,,
,@canadamptweets,,,
,@TexasHunter5755,,,
,@proudmari,,,
,@Lauren_Steiner,,,
,@richyfeIix,,,
,@Fixer_guy,,,
,@jeannette722,,,
,@David30109900,,,
,@leeenryerickson,,,
,@gildedforest,,,
,@Fixer_guy,,,
,@wimberley_jake,,,
,@savezerogravity,,,
,@get_enlightened,,,
,@pollyantics,,,
,@DrdaveAnddee,,,
,@BrStormer,,,
,@Rocky_one1,,,
,@rubies4ruth,,,
,@decalarama,,,
,@SanchesElios,,,
,@kavn,,,
,@crystalfireburn,,,
,@rossaaaanderson,,,
,@emulsiondown,,,
,@BrainScraps,,,
,@itsthepath,,,
,@emineno435,,,
,@Maliheh_,,,
,@KundaFlow,,,
,@MexisforBernie,,,
,@jeannette722,,,
,@MissMyrtle2,,,
,@victogia,,,
,@LivMoiToi,,,
,@jeannette722,,,
,@BLUEdotRegister,,,
,@Mannyratback1,,,
,@tori_perrin,,,
,@GOPSurvivalKit,,,
,@solutionary52,,,
,@LongArcher_,,,
,@GOPSurvivalKit,,,
,@theda_barra,,,
,@scrappyjbactad,,,
,@the_fire_berns,,,
,@thirdeyesanon,,,
,@GOPSurvivalKit,,,
,@pandorapandor11,,,
,@robbyj62,,,
,@GOPSurvivalKit,,,
,@JamesMArcher,,,
,@emulsiondown,,,
,@Commander998381,,,
,@LivMoiToi,,,
,@tovangar2,,,
,@WMN4SRVL,,,
,@Ray20519366,,,
,@CAS2328,,,
,@wimberley_jake,,,
,@ErinTaylor14,,,
,@sjkcampbell1,,,
,@gellodood,,,
,@softballscifi,,,
,@horseaunt,,,
,@brriittney,,,
,@BrStormer,,,
,@missmadyscandls,,,
,@DaphneW50161589,,,
,@jeannette722,,,
,@MShiningElk,,,
,@zackjfrank,,,
,@KendraZen,,,
,@gkielec,,,
,@Ray20519366,,,
,@bony_rabbit,,,
,@MaliaAO_16,,,
,@CindyCallinsky,,,
,@MissMcQue,,,
,@DubAllDay,,,
,@PParzival,,,
,@Ray20519366,,,
,@lr4kids,,,
,@carolinamelody,,,
,@RealHClinton,,,
,@Rocky_one1,,,
,@americonsumer,,,
,@horseaunt,,,
,@HKassaaa,,,
,@emineno435,,,
,@WendyVM3,,,
,@Kelticca,,,
,@Maliheh_,,,
,@RealHClinton,,,
,@wjcormier,,,
,@WMN4SRVL,,,
,@nani_booboo,,,
,@tovangar2,,,
,@alphabaetical,,,
,@V4CCIINE,,,
,@tullyframe,,,
,@Sayruq1,,,
,@Ray20519366,,,
,@Soozieceu,,,
,@audioantihero,,,
,@katiebat,,,
,@ari804,,,
,@zackjfrank,,,
,@kavn,,,
,@wjcormier,,,
,@sivaclassy1,,,
,@QuaiaVoice,,,
,@JMP_Mulcahy,,,
,@djkarran,,,
,@john00316,,,
,@Ms_Blaze_Inc,,,
,@pjmyers24,,,
,@allprolawn1975,,,
,@genewells76,,,
,@RobinWyll,,,
,@Libertea2012,,,
,@EthanRedd,,,
,@IAMRockwell,,,
,@velvetrev,,,
,@AmKonDotNet,,,
,@DwayneBauknight,,,
,@FProgressiv,,,
,@xswingfox,,,
,@VeraKaikobad,,,
,@LionelSlutz,,,
,@Lawless_1984,,,
,@capleen,,,
,@librab103,,,
,@BrStormer,,,
,@BltProofDiction,,,
,@calebinpdx,,,
,@helena_jennie,,,
,@Lizz1071,,,
,@voteunion,,,
,@LisaTLemoine2,,,
,@WegotBernie,,,
,@aloysiusbe,,,
,@WMN4SRVL,,,
,@GrenierYvonne,,,
,@ProfessorDNA,,,
,@ProfJohnix,,,
,@Goalie30JP,,,
,@ScottCDunn,,,
,@CallawayBOT,,,
,@SFCHCP123,,,
,@Paint8brush,,,
,@RodneySoundscan,,,
,@mickeyb1ueeyes,,,
,@HSahinen,,,
,@gellodood,,,
,@WindhundeHaus,,,
,@WMN4SRVL,,,
,@ThunderGunExprs,,,
,@horseaunt,,,
,@jeffkessock,,,
,@Blunt_Doctor_RX,,,
,@tovangar2,,,
,@mobygrapefan,,,
,@TNPassiflora,,,
,@chukAlsina,,,
,@nani_booboo,,,
,@DaphneW50161589,,,
,@devinedianakins,,,
,@Jacki_eluv,,,
,@zackjfrank,,,
,@dee4peace,,,
,@medinav_1991,,,
,@missmadyscandls,,,
,@LEQ79,,,
,@sayarita,,,
,@jonathantasini,,,
,@gsaleguy,,,
,@nursevictoria11,,,
,@Maliheh_,,,
,@diamond4dana,,,
,@Shawanda__Brown,,,
,@WMN4SRVL,,,
,@SFCHCP123,,,
,@USA4Bernie,,,
,@catt1955,,,
,@RWwatchMA,,,
,@kevmoses69,,,
,@bergken111,,,
,@CircularEco,,,
,@AThomps54165814,,,
,@marija24,,,
,@legant66,,,
,@momforbernie,,,
,@missmadyscandls,,,
,@Ripper1960,,,
,@chukAlsina,,,
,@FSocietyIRC,,,
,@hotforbernie,,,
,@misterr_ag,,,
,@SelfAppeal,,,
,@rossaaaanderson,,,
,@filthyliberals,,,
,@lr4kids,,,
,@Commander998381,,,
,@shells2014,,,
,@ro69126128,,,
,@patclark00,,,
,@RESPECTING44,,,
,@AshleyGeekGirl,,,
,@prakashmano81,,,
,@mrrwraoh,,,
,@LionelSlutz,,,
,@reubenesp,,,
,@CesarOrteazer,,,
,@IncurableLou,,,
,@USA4Bernie,,,
,@Attaphia,,,
,@sayarita,,,
,@maryannerooney,,,
,@_UNDFTDJoel,,,
,@UvKLvr47,,,
,@ZANETWENTYONE,,,
,@M0nj0n_SR,,,
,@nursevictoria11,,,
,@jjwawrzyniak,,,
,@maryannerooney,,,
,@lt_temple,,,
,@AlphWilliams,,,
,@DaphneW50161589,,,
,@berg_313,,,
,@shells2014,,,
,@rainiiidaze,,,
,@JessiAbattage,,,
,@WegotBernie,,,
,@ladybugpicnics,,,
,@Ms_Blaze_Inc,,,
,@USA4Bernie,,,
,@emulsiondown,,,
,@Crimsonmile,,,
,@itsthepath,,,
,@IAMTHEPIEKING,,,
,@annforchange,,,
,@sabrina68,,,
,@GuruBluXVIII,,,
,@Smileynelly98,,,
,@Rob_Willhite,,,
,@MommaKat,,,
,@gellodood,,,
,@GodIsMyWittnes,,,
,@DaphneW50161589,,,
,@ce_viche,,,
,@hardwork_010,,,
,@AndyKauffman,,,
,@JessiAbattage,,,
,@hardwork_010,,,
,@MexisforBernie,,,
,@Maliheh_,,,
,@JarekLugo,,,
,@DrdaveAnddee,,,
,@zackjfrank,,,
,@kristykelland,,,
,@Ms_Blaze_Inc,,,
,@TheSolarSpirit,,,
,@Wild_Card09,,,
,@DemsBurnBook,,,
,@DonnCole1,,,
,@shells2014,,,
,@jhnilica,,,
,@SilviaAnajah,,,
,@ashleyyy_jo,,,
,@CharlsonGaines,,,
,@dee4peace,,,
,@Carlene_Meyers,,,
,@FaizanHassan95,,,
,@WindowPain123,,,
,@itsthepath,,,
,@studentnrsej,,,
,@DouglasLuzzi,,,
,@VelvetTheCat,,,
,@Ramiro20133,,,
,@jenn976,,,
,@troycorley,,,
,@itsthepath,,,
,@medinav_1991,,,
,@hardwork_010,,,
,@chukAlsina,,,
,@CAS2328,,,
,@medinav_1991,,,
,@KimMoor06758895,,,
,@SteveJurevicius,,,
,@LionelSlutz,,,
,@eyeonmngunnuts,,,
,@unspokenbond,,,
,@AshleyGeekGirl,,,
,@southeastwoods,,,
,@itsthepath,,,
,@PessimisticJoy,,,
,@castellanosLLC,,,
,@nikespi,,,
,@LiberalLaundry,,,
,@boomer4bernie,,,
,@wolfiemouse,,,
,@HalAdam,,,
,@itsthepath,,,
,@emulsiondown,,,
,@GOPSurvivalKit,,,
,@Wild_Card09,,,
,@GOPSurvivalKit,,,
,@baezjoansong,,,
,@chelseaklikunas,,,
,@GOPSurvivalKit,,,
,@GOPSurvivalKit,,,
,@SFCHCP123,,,
,@j_ssharrison,,,
,@itsthepath,,,
,@GOPSurvivalKit,,,
,@Ms_Blaze_Inc,,,
,@heartlightsoul,,,
,@BijouxInMo,,,
,@PMGCris,,,
,@zayyyynah,,,
,@relombardo3,,,
,@foerglikecyborg,,,
,@GuruBluXVIII,,,
,@jjwawrzyniak,,,
,@Bob4Bernie,,,
,@logansteven,,,
,@JigmeUgen,,,
,@crowcrowgannet,,,
,@adolforosado,,,
,@ProfessorDNA,,,
,@Wild_Card09,,,
,@_mark_with_a_K,,,
,@timostweet,,,
,@Mary_Miskanis,,,
,@purp_grand,,,
,@ThebetterJD,,,
,@darbidavidson,,,
,@Warekl,,,
,@baylands_pa,,,
,@catt1955,,,
,@Sekhmara,,,
,@Global_Drone,,,
,@thhoneybadger82,,,
,@MiddJerry,,,
,@JessiAbattage,,,
,@jeffkessock,,,
,@madis0n21,,,
,@DrdaveAnddee,,,
,@ladybugpicnics,,,
,@EcBillofRights,,,
,@JessiAbattage,,,
,@jeffkessock,,,
,@LiselBruns,,,
,@marcusramsey,,,
,@yunsun1967,,,
,@lovestephxox,,,
,@CallawayBOT,,,
,@DrdaveAnddee,,,
,@yankeezuludelta,,,
,@scoobyjew76,,,
,@ranman1171,,,
,@DonjaCarroll,,,
,@SexyAnimalsBand,,,
,@WegotBernie,,,
,@Vets4Bernie2016,,,
,@definitelyLexi,,,
,@shrewst,,,
,@mike_mcdlaw5,,,
,@SFCHCP123,,,
,@EcBillofRights,,,
,@jeffkessock,,,
,@VitoBagofDonuts,,,
,@thewoodedyard,,,
,@IanPlakias,,,
,@Vets4Bernie2016,,,
,@Greeenguy111,,,
,@StopNuclearWar,,,
,@MontriciaHubba1,,,
,@WaterflowerM,,,
,@MarcRudelli,,,
,@blika16,,,
,@Anqeljdmartinez,,,
,@DylanValentino,,,
,@WindowPain123,,,
,@LiselBruns,,,
,@SexyAnimalsBand,,,
,@JDC160Films,,,
,@JetBlackPilot,,,
,@yobob007,,,
,@WaldenE,,,
,@jamezdhawaii,,,
,@jgsf1987,,,
,@ND4Bernie,,,
,@turfgadfly,,,
,@OsamaSiddiqui94,,,
,@DoobiusGamer,,,
,@TNPassiflora,,,
,@suchatatSmith,,,
,@akeleven,,,
,@GOPSurvivalKit,,,
,@Samuel_Prince,,,
,@SexyAnimalsBand,,,
,@nuttypug,,,
,@jgsf1987,,,
,@sjwjs,,,
,@jgsf1987,,,
,@moyle_ryan,,,
,@JetLifeSmoker,,,
,@jjwawrzyniak,,,
,@Jeannine_C_,,,
,@RealFacts2016,,,
,@BumprStikrHaiku,,,
,@SamSamgoldsmith,,,
,@decalarama,,,
,@DecalsMcSticky,,,
,@SexyAnimalsBand,,,
,@Albiorix141,,,
,@MojoGuitarPlaye,,,
,@k_ile_y,,,
,@Darkmire1001,,,
,@DrdaveAnddee,,,
,@empresshila,,,
,@_JRUK_,,,
,@Goalie30JP,,,
,@Hedge_Shot,,,
,@joan_rollins,,,
,@TheSolarSpirit,,,
,@ReynitaScott,,,
,@Barcelonista909,,,
,@SexyAnimalsBand,,,
,@purp_grand,,,
,@Goalie30JP,,,
,@ShetaniX,,,
,@WMN4SRVL,,,
,@k_ile_y,,,
,@medinav_1991,,,
,@ionse,,,
,@DianeSnavely,,,
,@mrmikeylove,,,
,@kujo71,,,
,@Burbankers,,,
,@AttilaTheHunnie,,,
,@aaronknightkc,,,
,@BBBoomer4Bernie,,,
,@Maliheh_,,,
,@BrStormer,,,
,@hardwork_010,,,
,@TheRealCalderon,,,
,@NRGrenaissance,,,
,@kujo71,,,
,@Rob_Willhite,,,
,@gumshoe44,,,
,@OhNuggins,,,
,@icryforfun,,,
,@gsaleguy,,,
,@medinav_1991,,,
,@SFCHCP123,,,
,@chucknorthrop,,,
,@gsaleguy,,,
,@kujo71,,,
,@PheelinTheBern,,,
,@ShetaniX,,,
,@YESemite,,,
,@Hannie_bearrr,,,
,@LongArcher_,,,
,@TaterTots4Me,,,
,@DubCJackson,,,
,@werocktheplanet,,,
,@shells2014,,,
,@angryboricua,,,
,@medinav_1991,,,
,@pollyantics,,,
,@ju_ju_man,,,
,@VeraKaikobad,,,
,@godfatherjoe,,,
,@Jvirden22,,,
,@KimberlyHalberd,,,
,@ranumpowerplay,,,
,@LiselBruns,,,
,@SalinaMariee_,,,
,@SOcean5,,,
,@xalllllllyx,,,
,@KathyOrlinsky,,,
,@BernThemAll,,,
,@uniteforpeace,,,
,@DrdaveAnddee,,,
,@EcBillofRights,,,
,@DrdaveAnddee,,,
,@BanTorture,,,
,@neelakandan1212,,,
,@DrdaveAnddee,,,
,@WombatRebellion,,,
,@_totallyt,,,
,@ThankYouBernie,,,
,@BudCharles999,,,
,@magnetar999,,,
,@goharrison,,,
,@Libertea2012,,,
,@CallawayBOT,,,
,@crazybrigham,,,
,@StopNuclearWar,,,
,@Libertea2012,,,
,@_yolanddaa,,,
,@rfenton16,,,
,@nick_ortego,,,
,@BudCharles999,,,
,@Kithucae,,,
,@anthonyho7777,,,
,@Wild_Card09,,,
,@nhlass,,,
,@jenn976,,,
,@WMN4SRVL,,,
,@_kaylashoee,,,
,@TBFinney,,,
,@Birdmischief,,,
,@pwitest,,,
,@MexisforBernie,,,
,@medinav_1991,,,
,@InstaWhiteHouse,,,
,@upokongaro,,,
,@convexpolytop,,,
,@willibbys,,,
,@unspokenbond,,,
,@ND4Bernie,,,
,@devdam1,,,
,@LilacAuraFairy,,,
,@GuruBluXVIII,,,
,@jenn976,,,
,@DeQuincy_,,,
,@matissealexa,,,
,@Jackson_Umpire,,,
,@ThankYouBernie,,,
,@Aan_ath,,,
,@kateloving,,,
,@NinaBerhel,,,
,@ThankYouBernie,,,
,@petercmargate,,,
,@amckee3_mckee,,,
,@freetesla11,,,
,@DoobiusGamer,,,
,@DrdaveAnddee,,,
,@kateloving,,,
,@sebastian1965,,,
,@decalarama,,,
,@unspokenbond,,,
,@JohnRebuttal,,,
,@tovangar2,,,
,@OUTATIME531,,,
,@CesarOrteazer,,,
,@shells2014,,,
,@joefirestonephd,,,
,@audreyology_,,,
,@thnkpnk1222,,,
,@CesarOrteazer,,,
,@GOPSurvivalKit,,,
,@GOPSurvivalKit,,,
,@bluegrasshaze,,,
,@QueensRepublic,,,
,@GOPSurvivalKit,,,
,@_nannaaa_,,,
,@GOPSurvivalKit,,,
,@susan_borts,,,
,@MzCicy,,,
,@GOPSurvivalKit,,,
,@grisdon3911,,,
,@Eurinunez__,,,
,@Ms_Blaze_Inc,,,
,@marilocosta,,,
,@GOPSurvivalKit,,,
,@dee4peace,,,
,@vickyradford,,,
,@GOPSurvivalKit,,,
,@MarkH_25,,,
,@RemyKyd,,,
,@mobygrapefan,,,
,@BoiseSt4Bern,,,
,@Evilnihil,,,
,@Maliheh_,,,
,@jasonmp15,,,
,@MojoGuitarPlaye,,,
,@unspokenbond,,,
,@lizacapriza,,,
,@titiw34324,,,
,@EcBillofRights,,,
,@jacobstuart20,,,
,@Twitlertwit,,,
,@Haute_MILF,,,
,@BanTorture,,,
,@ricksmithmsw,,,
,@TweetingYarnie,,,
,@bluegrasshaze,,,
,@Burbankers,,,
,@jacobstuart20,,,
,@ShetaniX,,,
,@divebombkittie,,,
,@unspokenbond,,,
,@WirSindAlleFRK,,,
,@Wild_Card09,,,
,@Magyovoxo,,,
,@jeffkessock,,,
,@oscargallo82,,,
,@medinav_1991,,,
,@ranumpowerplay,,,
,@RyukyuMike,,,
,@pepsi7965,,,
,@DanielleIsHappy,,,
,@LilacAuraFairy,,,
,@Wild_Card09,,,
,@MarkH_25,,,
,@amckee3_mckee,,,
,@ENIgnacio,,,
,@sayganesha,,,
,@Ms_Blaze_Inc,,,
,@ranumpowerplay,,,
,@notapinkpony,,,
,@kateloving,,,
,@psyexmachina,,,
,@ProgMid,,,
,@Kev_in_CO,,,
,@VinnyDiPrima,,,
,@Wild_Card09,,,
,@jeanna_ojeda,,,
,@VeraKaikobad,,,
,@Wild_Card09,,,
,@freqflyer_ck,,,
,@ReelRotation27,,,
,@jeanna_ojeda,,,
,@burritoman88,,,
,@medinav_1991,,,
,@iamqueenester,,,
,@akeleven,,,
,@sayganesha,,,
,@mobygrapefan,,,
,@unspokenbond,,,
,@ashleyencalada,,,
,@eshaLegal,,,
,@rmaster1776,,,
,@jeanna_ojeda,,,
,@blika16,,,
,@Leepa_Faith,,,
,@iamshunkwugga,,,
,@CallawayBOT,,,
,@CallawayBOT,,,
,@SFCHCP123,,,
,@djembeunity,,,
,@katiemoconnor,,,
,@MaxGoldberg,,,
,@SophiaHarper_,,,
,@ImagineBernie,,,
,@ranumpowerplay,,,
,@BitchyDiva66,,,
,@AnnieAngst,,,
,@primality,,,
,@Bryan_Lumpy,,,
,@MrHillPhysics,,,
,@WaldenE,,,
,@L0gan24,,,
,@ShetaniX,,,
,@_GurlRockstar,,,
,@jeanna_ojeda,,,
,@beechwil3,,,
,@bernie_shirts,,,
,@We3forDemocracy,,,
,@KendraZen,,,
,@LaurieKershner,,,
,@Bluestate1984,,,
,@jjwawrzyniak,,,
,@ricksmithmsw,,,
,@IRainbowstein,,,
,@IamStardirt,,,
,@ricksmithmsw,,,
,@RyansAtTheBeach,,,
,@DebJKline,,,
,@msholmes2U,,,
,@BuzzGov,,,
,@bernie_shirts,,,
,@youarenlove,,,
,@UniversalEyebal,,,
,@WaterflowerM,,,
,@areageek,,,
,@PatFromm,,,
,@adex2491,,,
,@MrsCalhoun08,,,
,@cc43571985cc,,,
,@unspokenbond,,,
,@Tank006,,,
,@slipknothooh,,,
,@JannaM1988,,,
,@GOPSurvivalKit,,,
,@its_mimibitch,,,
,@unspokenbond,,,
,@yagbebi,,,
,@agraves24,,,
,@BrStormer,,,
,@OhioPJC,,,
,@milkyywaygalaxy,,,
,@Lenafreed,,,
,@CIDdrWHO,,,
,@Facttotruth,,,
,@desert_catus,,,
,@adex2491,,,
,@ibstevie,,,
,@MaxSped,,,
,@jjwawrzyniak,,,
,@Partisangirl,,,
,@We3forDemocracy,,,
,@rbbrasel,,,
,@IdahoBernie,,,
,@MarilynMacdona,,,
,@ToveKje,,,
,@spiderlou2099,,,
,@lady10314,,,
,@UtahForBernie,,,
,@eektertainment,,,
,@revolusha,,,
,@DanielleIsHappy,,,
,@nursevictoria11,,,
,@Onusspears,,,
,@M_Florres,,,
,@greennomad61,,,
,@SFCHCP123,,,
,@iamqueenester,,,
,@KarenRegis,,,
,@Wild_Card09,,,
,@DJBeswick,,,
,@SFCHCP123,,,
,@iamqueenester,,,
,@EcBillofRights,,,
,@neelakandan1212,,,
,@ju_ju_man,,,
,@DianeSnavely,,,
,@Wild_Card09,,,
,@jjwawrzyniak,,,
,@TopherJH,,,
,@thrulookinglass,,,
,@mzuleft,,,
,@jjwawrzyniak,,,
,@xxxcanabishxxx,,,
,@jerhyr60,,,
,@IdahoBernie,,,
,@ThebetterJD,,,
,@fortthirty,,,
,@ECALECALE,,,
,@SFCHCP123,,,
,@Guzman,,,
,@LilacAuraFairy,,,
,@WarAgainstWomen,,,
,@LilacAuraFairy,,,
,@thrulookinglass,,,
,@Staggy44,,,
,@ju_ju_man,,,
,@summerbreeze_G,,,
,@KarenRegis,,,
,@BrodieAvL,,,
,@veggie64_leslie,,,
,@SexyAnimalsBand,,,
,@chichenthekid,,,
,@Wild_Card09,,,
,@beeloveflower,,,
,@Fixer_guy,,,
,@MCAcidFlow,,,
,@SharonHayes,,,
,@SexyAnimalsBand,,,
,@themarkbrazill,,,
,@maggie_laplume,,,
,@Wild_Card09,,,
,@WMN4SRVL,,,
,@medellinemil,,,
,@glompix,,,
,@lindanelford,,,
,@UticanforBernie,,,
,@Mica_Unzi,,,
,@medinav_1991,,,
,@We3forDemocracy,,,
,@DoobiusGamer,,,
,@gaaraawesome05,,,
,@Cardinalfishh,,,
,@ColleenOnDaBus,,,
,@CliveVedmore,,,
,@adex2491,,,
,@cartoon_fan,,,
,@SexyAnimalsBand,,,
,@3DTruth,,,
,@Vote_4_Sanders,,,
,@VoteForBernie_,,,
,@lilmissatheist,,,
,@Randy334,,,
,@Callies895,,,
,@Ms_Blaze_Inc,,,
,@summerbreeze_G,,,
,@TempletonTJones,,,
,@SteveJurevicius,,,
,@Kony_2016_,,,
,@Aroyaldmd,,,
,@Beatgrrrl,,,
,@marcelliotnet,,,
,@FinnTheHuman98,,,
,@Facttotruth,,,
,@HoggardPhoto,,,
,@WMN4SRVL,,,
,@TreesDanceAlone,,,
,@Maliheh_,,,
,@WMN4SRVL,,,
,@pegnmike,,,
,@ShetaniX,,,
,@HoggardPhoto,,,
,@Wild_Card09,,,
,@thumppooh,,,
,@SexyAnimalsBand,,,
,@UticanforBernie,,,
,@StopNuclearWar,,,
,@VelvetTheCat,,,
,@ThebetterJD,,,
,@UticanforBernie,,,
,@HoggardPhoto,,,
,@Wild_Card09,,,
,@TheRealCalderon,,,
,@UvKLvr47,,,
,@UticanforBernie,,,
,@Hey_ItsItzel,,,
,@veggie64_leslie,,,
,@Ramiro20133,,,
,@VelvetTheCat,,,
,@WMN4SRVL,,,
,@3DTruth,,,
,@Ms_Blaze_Inc,,,
,@MrBCWalker,,,
,@SexyAnimalsBand,,,
,@whitestbaser,,,
,@CIDdrWHO,,,
,@LaurieKershner,,,
,@Wild_Card09,,,
,@Huck_Saget,,,
,@Carlvizzi4,,,
,@_ZainalHaikal,,,
,@CIDdrWHO,,,
,@lucidparanoia,,,
,@WMN4SRVL,,,
,@medinav_1991,,,
,@ShetaniX,,,
,@Maliheh_,,,
,@SFCHCP123,,,
,@fussylooksowhat,,,
,@JeffMyers82,,,
,@kiwihighlander,,,
,@CassidyTiffani,,,
,@GOPSurvivalKit,,,
,@PriscillaJudd,,,
,@WMN4SRVL,,,
,@mambavolcano,,,
,@BBBoomer4Bernie,,,
,@GOPSurvivalKit,,,
,@robbyj62,,,
,@nataIiedormer,,,
,@CallawayBOT,,,
,@JCannyE,,,
,@Facttotruth,,,
,@SelMill,,,
,@UticanforBernie,,,
,@GOPSurvivalKit,,,
,@Pennyvane10,,,
,@Wild_Card09,,,
,@nrauhauser,,,
,@UnitePunk,,,
,@CesarOrteazer,,,
,@GOPSurvivalKit,,,
,@nursevictoria11,,,
,@CaptainWacky138,,,
,@MrJoeSacco,,,
,@itsthepath,,,
,@Wild_Card09,,,
,@HoggardPhoto,,,
,@UticanforBernie,,,
,@nursevictoria11,,,
,@Oldyella49,,,
,@OnlytoEngage,,,
,@UticanforBernie,,,
,@Randy334,,,
,@SVSalon,,,
,@cvmero,,,
,@astehfaenee,,,
,@buckeyemimi27,,,
,@TheHumanTornado,,,
,@uniteforpeace,,,
,@Captian_Anime,,,
,@jjwawrzyniak,,,
,@graciemalovich,,,
,@JCannyE,,,
,@WhitneyKubal,,,
,@ubc20112017,,,
,@thrulookinglass,,,
,@GOPSurvivalKit,,,
,@curtismarta,,,
,@DebJKline,,,
,@CIDdrWHO,,,
,@Guardian_Elite,,,
,@RighteousBey,,,
,@standing4people,,,
,@dulce_yuleny,,,
,@228Years,,,
,@retrosher,,,
,@wolfiemouse,,,
,@Crimsonmile,,,
,@UticanforBernie,,,
,@shrewst,,,
,@Ms_Blaze_Inc,,,
,@discgolfking5,,,
,@freetesla11,,,
,@WMN4SRVL,,,
,@Politicallyin18,,,
,@_turntover,,,
,@MontriciaHubba1,,,
,@SebastianCONFOR,,,
,@nn99org,,,
,@SebastianCONFOR,,,
,@LilacAuraFairy,,,
,@Bryan_Lumpy,,,
,@estela__mm,,,
,@bradtoner1,,,
,@JohnnyArgent,,,
,@cmsNetherlands,,,
,@myannakoureas,,,
,@SebastianCONFOR,,,
,@SebastianCONFOR,,,
,@WMN4SRVL,,,
,@SebastianCONFOR,,,
,@deanesmay,,,
,@CLF_423,,,
,@chazz_savory,,,
,@PrinceJxngkook,,,
,@colingrogan_,,,
,@snakemaggot,,,
,@kujo71,,,
,@KarenRegis,,,
,@The_Mighty_DR,,,
,@buckeyemimi27,,,
,@WhytePantherRN,,,
,@VesperHarris,,,
,@iamshunkwugga,,,
,@ty2010b,,,
,@unspokenbond,,,
,@robbyj62,,,
,@tailoure,,,
,@DanielleIsHappy,,,
,@pollyantics,,,
,@pollyantics,,,
,@SelfieRobot,,,
,@ZshanMirza,,,
,@jjwawrzyniak,,,
,@K810Mt,,,
,@bhatta_tirth38,,,
,@ktnicoll87,,,
,@mambavolcano,,,
,@TheresaMHinman,,,
,@fpturner,,,
,@californiaglow,,,
,@robbyj62,,,
,@LilacAuraFairy,,,
,@KAIJUKING23,,,
,@RealVinnieJames,,,
,@LilacAuraFairy,,,
,@politlady,,,
,@USA4Bernie,,,
,@LilacAuraFairy,,,
,@jessa_ana,,,
,@Gabriel__2008,,,
,@FatTabby76,,,
,@chucknorthrop,,,
,@USA4Bernie,,,
,@andriesbosch,,,
,@6peasInTheirPod,,,
,@DanielleIsHappy,,,
,@Randy334,,,
,@sarah_fresquez,,,
,@Twitlertwit,,,
,@Pennyvane10,,,
,@Jlynch661,,,
,@ideasloop,,,
,@BeeSwarski,,,
,@emilygarciabri,,,
,@rebeinstein,,,
,@cherylyolonda,,,
,@thrulookinglass,,,
,@TonyFrancis70,,,
,@USA4Bernie,,,
,@jeffkessock,,,
,@thisuniquebeing,,,
,@exmanicgirl,,,
,@sabrina68,,,
,@sophiaaabe,,,
,@Carlvizzi4,,,
,@rodmckelvey,,,
,@jackiejaworski_,,,
,@K810Mt,,,
,@l59231884,,,
,@Lenafreed,,,
,@USA4Bernie,,,
,@MMG_411984,,,
,@Paytongift,,,
,@DubAllDay,,,
,@LongArcher_,,,
,@ideasloop,,,
,@Wild_Card09,,,
,@StopNuclearWar,,,
,@Libertea2012,,,
,@Libertea2012,,,
,@Wild_Card09,,,
,@JohnRebuttal,,,
,@mostawesomeblog,,,
,@urubugonzales,,,
,@jjwawrzyniak,,,
,@Greenmanblog,,,
,@Millenniumistic,,,
,@6peasInTheirPod,,,
,@jjwawrzyniak,,,
,@USA4Bernie,,,
,@ashliieflores,,,
,@WhereIsJade,,,
,@Wild_Card09,,,
,@laadyjaayne,,,
,@dankberning,,,
,@dankberning,,,
,@inartic,,,
,@californiaglow,,,
,@ideasloop,,,
,@_tinaterminator,,,
,@grouchosharx,,,
,@StopNuclearWar,,,
,@KarenRegis,,,
,@Wild_Card09,,,
,@AmalaSwami,,,
,@vinniepaiano,,,
,@gregorymeastman,,,
,@tylerwood12,,,
,@missyleone,,,
,@abigailthesnail,,,
,@politcalparrots,,,
,@le_shill,,,
,@MythSerene,,,
,@BBBoomer4Bernie,,,
,@JeffMyers82,,,
,@retiredfirstsgt,,,
,@ArabsForBernie,,,
,@ideasloop,,,
,@magstweets8,,,
,@ChrisRiger,,,
,@LauraAkers,,,
,@yagbebi,,,
,@6peasInTheirPod,,,
,@cscstars,,,
,@YourSluttyGF,,,
,@LilacAuraFairy,,,
,@6peasInTheirPod,,,
,@6peasInTheirPod,,,
,@jojolong08,,,
,@BurtonBrown,,,
,@BernMagazine,,,
,@fran_b__,,,
,@donald_nielsen,,,
,@pudcast245,,,
,@fran_b__,,,
,@karlygrimshaw,,,
,@bernielovers,,,
,@VoteBernie_,,,
,@KarenRegis,,,
,@gigawax,,,
,@jonathan_loll,,,
,@ideasloop,,,
,@6peasInTheirPod,,,
,@fran_b__,,,
,@mostawesomeblog,,,
,@AdamNGuy,,,
,@AdamNGuy,,,
,@Wild_Card09,,,
,@LauraAkers,,,
,@inartic,,,
,@itsthepath,,,
,@alwallenberg,,,
,@KarenRegis,,,
,@fran_b__,,,
,@SFCHCP123,,,
,@SotoBxusmc,,,
,@Celtic_Barb,,,
,@ideasloop,,,
,@GliveCo,,,
,@Wild_Card09,,,
,@Angeliname55,,,
,@sharonhough,,,
,@robhwilliamson,,,
,@_feel_the_bern_,,,
,@_feel_the_bern_,,,
,@myannakoureas,,,
,@LaurieKershner,,,
,@decalarama,,,
,@oweskii,,,
,@robhwilliamson,,,
,@TyrannyUnmasked,,,
,@BuckeyePeach,,,
,@Truthbuster,,,
,@dr_ashok_m,,,
,@favel88,,,
,@PatchouliW,,,
,@Fanny57,,,
,@veggie64_leslie,,,
,@QuantumBios,,,
,@LauraAkers,,,
,@StopNuclearWar,,,
,@Angeliname55,,,
,@adamwh0sane,,,
,@the_fire_berns,,,
,@GOPSurvivalKit,,,
,@RamlaAlethea,,,
,@the_fire_berns,,,
,@GOPSurvivalKit,,,
,@Hedge_Shot,,,
,@propertytweetit,,,
,@Greenmanblog,,,
,@GOPSurvivalKit,,,
,@jjwawrzyniak,,,
,@GOPSurvivalKit,,,
,@IamStardirt,,,
,@ktnicoll87,,,
,@KSP_Collins,,,
,@CaliForBernie,,,
,@lr4kids,,,
,@CaliForBernie,,,
,@ideasloop,,,
,@OsmanTibyan,,,
,@lydiatiderose,,,
,@UvKLvr47,,,
,@elpacifico66,,,
,@BadponyMedicine,,,
,@BravoUmnik,,,
,@politcalparrots,,,
,@jjubbu,,,
,@joleonbusby,,,
,@TheSolarSpirit,,,
,@wybijapejur,,,
,@Matt7022,,,
,@Hedge_Shot,,,
,@Dplymkr88,,,
,@L0ss4words,,,
,@veggie64_leslie,,,
,@AttilioArmeni,,,
,@Dusty_Trump,,,
,@proudmari,,,
,@YUGEEEEEE,,,
,@WomenForBernieS,,,
,@MzCicy,,,
,@ArtistGeneral,,,
,@itsthepath,,,
,@Fixer_guy,,,
,@td_clay,,,
,@Gabriel__Muniz,,,
,@ideasloop,,,
,@PositivelyJoan,,,
,@standing4people,,,
,@politcalparrots,,,
,@liszam_,,,
,@KarenRegis,,,
,@JCannyE,,,
,@Badass_Spartan,,,
,@Vets4Bernie2016,,,
,@WWWCologne,,,
,@Fixer_guy,,,
,@JayVolck,,,
,@ScienceGreen1,,,
,@Cptjohnno,,,
,@Wild_Card09,,,
,@benedictsalole,,,
,@Crimsonmile,,,
,@Vets4Bernie2016,,,
,@DanielleIsHappy,,,
,@Richard14791250,,,
,@madblkgyrl,,,
,@zazahan1,,,
,@CamelotGypsy,,,
,@MzCicy,,,
,@mckayla_otuafi,,,
,@DebJKline,,,
,@hotcoffeeandpie,,,
,@Vets4Bernie2016,,,
,@TwoStepsAtATime,,,
,@YankeeInfidel,,,
,@JSaulie,,,
,@CamelotGypsy,,,
,@Vets4Bernie2016,,,
,@Greenmanblog,,,
,@PositivelyJoan,,,
,@aslahmforlife,,,
,@inartic,,,
,@TheSolarSpirit,,,
,@lydiatiderose,,,
,@laadyjaayne,,,
,@KendraZen,,,
,@martinezc906,,,
,@ktnicoll87,,,
,@BmtPaula,,,
,@ktnicoll87,,,
,@ClaudettMaddens,,,
,@Chendtan44,,,
,@TaylorEdwards99,,,
,@DonnCole1,,,
,@JasonwithaJay,,,
,@bad_bad_bernie,,,
,@SiriHClark,,,
,@seenorseems,,,
,@6peasInTheirPod,,,
,@Not_Sure1313,,,
,@emma_raderstorf,,,
,@proudmari,,,
,@sanderswinsbig,,,
,@Quicksilver2723,,,
,@pabloprick,,,
,@AmeliaAnnRoman,,,
,@Alli769,,,
,@aheffne,,,
,@WMN4SRVL,,,
,@ClaudettMaddens,,,
,@Sandyinchgo,,,
,@evspaugy,,,
,@K810Mt,,,
,@redrabbitsnpow2,,,
,@mostawesomeblog,,,
,@dauspol,,,
,@NonMotivated,,,
,@KarenRegis,,,
,@dellen01,,,
,@thrulookinglass,,,
,@Greenmanblog,,,
,@sunstretch,,,
,@EssEnCe_Writes,,,
,@SamSamgoldsmith,,,
,@SanchesElios,,,
,@iamshunkwugga,,,
,@Parodee,,,
,@Carrie111578,,,
,@SandraHollibau1,,,
,@EveningNews88,,,
,@StopNuclearWar,,,
,@frito4president,,,
,@Bob97823069,,,
,@ZRODWN,,,
,@StephLeavens,,,
,@Team_LIBer8,,,
,@Wild_Card09,,,
,@_radikalek,,,
,@ascottkoba,,,
,@DrdaveAnddee,,,
,@suzonia,,,
,@seanydrums,,,
,@Gloseeker,,,
,@mostawesomeblog,,,
,@Vets4Bernie2016,,,
,@wjcormier,,,
,@yagbebi,,,
,@Hedge_Shot,,,
,@katalin_pota,,,
,@latestendeavor,,,
,@Wild_Card09,,,
,@Team_LIBer8,,,
,@durraaan,,,
,@laadyjaayne,,,
,@hannahhurley__,,,
,@KarenRegis,,,
,@KRL49,,,
,@chuckpee,,,
,@Freddie_Potwin,,,
,@suzettepetillo,,,
,@Wild_Card09,,,
,@HeyyyBabyGoat,,,
,@Taddy_wedi_22,,,
,@StopNuclearWar,,,
,@Vets4Bernie2016,,,
,@awhitneyln,,,
,@tlaustin67,,,
,@43a6f0ce5dac4ea,,,
,@letsplaythisbro,,,
,@BernMagazine,,,
,@Wild_Card09,,,
,@IdahoBernie,,,
,@dsgoldfield22,,,
,@Chy_369,,,
,@Dallas4Bernie,,,
,@wolf_beajee,,,
,@Wadysseus,,,
,@equalitus,,,
,@theterryadcock,,,
,@6peasInTheirPod,,,
,@darianeverett,,,
,@elzhi_fan,,,
,@humimomi,,,
,@taylortalie,,,
,@M4D_B,,,
,@Team_LIBer8,,,
,@BaltoSpectator,,,
,@350KJones,,,
,@CyranoSinatra,,,
,@LEQ79,,,
,@bayarea_bias,,,
,@Mnky74,,,
,@flitedocnm,,,
,@nadiamae00,,,
,@Satyagraha1976,,,
,@Wild_Card09,,,
,@differentcoIcrs,,,
,@Team_LIBer8,,,
,@6peasInTheirPod,,,
,@idiedin1975,,,
,@Team_LIBer8,,,
,@EqualityCouple,,,
,@Wadysseus,,,
,@dj_langster,,,
,@acabrera69,,,
,@OzForBernie,,,
,@suzettepetillo,,,
,@ravenblacks,,,
,@AmalaSwami,,,
,@Team_LIBer8,,,
,@LaurieKershner,,,
,@Wild_Card09,,,
,@CallawayBOT,,,
,@Team_LIBer8,,,
,@RealJasonDP,,,
,@vinniepaiano,,,
,@LisaBeliveau,,,
,@Ramiro20133,,,
,@SFCHCP123,,,
,@DrdaveAnddee,,,
,@emergecrysalis,,,
,@JennVell,,,
,@LisaBeliveau,,,
,@AmorGaia,,,
,@K_D_ODonnell,,,
,@Satyagraha1976,,,
,@pale_kim,,,
,@tigertrollz,,,
,@flitedocnm,,,
,@CaptainNeil96,,,
,@3927934,,,
,@Wild_Card09,,,
,@OzForBernie,,,
,@Sinizt3r1,,,
,@LisaBeliveau,,,
,@ravenblacks,,,
,@TeenForBernie,,,
,@nkharding,,,
,@robertolopez144,,,
,@Wild_Card09,,,
,@Team_LIBer8,,,
,@Wild_Card09,,,
,@k_ile_y,,,
,@Sinizt3r1,,,
,@willibbys,,,
,@LisaBeliveau,,,
,@renegadegrl,,,
,@lowlightpics,,,
,@Team_LIBer8,,,
,@meNabster,,,
,@LisaBeliveau,,,
,@triggerasaurus,,,
,@Team_LIBer8,,,
,@ideasloop,,,
,@Sinizt3r1,,,
,@Team_LIBer8,,,
,@snafu420247,,,
,@meason74,,,
,@VlCEVERSA,,,
,@FiveCrescents,,,
,@KSP_Collins,,,
,@LisaBeliveau,,,
,@panegron,,,
,@nkharding,,,
,@K810Mt,,,
,@Team_LIBer8,,,
,@OzForBernie,,,
,@ireneberns,,,
,@KlrSmurf,,,
,@geniussiddiqui,,,
,@jeffries_anne,,,
,@Wild_Card09,,,
,@Team_LIBer8,,,
,@GOPSurvivalKit,,,
,@KSP_Collins,,,
,@Team_LIBer8,,,
,@Draigwenci,,,
,@GOPSurvivalKit,,,
,@Twitlertwit,,,
,@Wild_Card09,,,
,@thirdeyesanon,,,
,@Team_LIBer8,,,
,@michellefaaa,,,
,@GOPSurvivalKit,,,
,@Angeliname55,,,
,@nkharding,,,
,@GOPSurvivalKit,,,
,@gizelzzz,,,
,@Draigwenci,,,
,@rainiiidaze,,,
,@GOPSurvivalKit,,,
,@Team_LIBer8,,,
,@LisaBeliveau,,,
,@gsaleguy,,,
,@Wild_Card09,,,
,@Countdistracula,,,
,@DougReinhardt1,,,
,@mrrwraoh,,,
,@kavn,,,
,@stephenshafer41,,,
,@clubfloozy,,,
,@theNWOtruth,,,
,@LisaBeliveau,,,
,@lysurie,,,
,@nkharding,,,
,@Rushing4Magcon,,,
,@ireneberns,,,
,@Draigwenci,,,
,@UvKLvr47,,,
,@humimomi,,,
,@BanTorture,,,
,@angelsavant,,,
,@rct125,,,
,@ShastaLake1975,,,
,@kujo71,,,
,@SenatorMeka31,,,
,@keyserlynnv,,,
,@allprolawn1975,,,
,@mrrwraoh,,,
,@Erudita96,,,
,@marrud84,,,
,@K810Mt,,,
,@KarenRegis,,,
,@hannahlaylah,,,
,@AvodrocM,,,
,@5thdimdreamz,,,
,@Whitelass15,,,
,@StopMotionsolo,,,
,@hannahlaylah,,,
,@SFCHCP123,,,
,@madblkgyrl,,,
,@SFCHCP123,,,
,@ND4Bernie,,,
,@Tony7333,,,
,@dragonlady9947,,,
,@MexisforBernie,,,
,@lizacapriza,,,
,@annforchange,,,
,@hovannah,,,
,@mambavolcano,,,
,@K810Mt,,,
,@jjubbu,,,
,@JIanoale,,,
,@5thdimdreamz,,,
,@whoreotoreo,,,
,@tomthesocialist,,,
,@DuhChicoFlores,,,
,@Aurochz,,,
,@5thdimdreamz,,,
,@laadyjaayne,,,
,@MontriciaHubba1,,,
,@KarenRegis,,,
,@TheSolarSpirit,,,
,@aheffne,,,
,@humimomi,,,
,@Slurpee098,,,
,@keyserlynnv,,,
,@fpturner,,,
,@SteveJurevicius,,,
,@Thesismis,,,
,@Amoell16,,,
,@Douglas_Nilsson,,,
,@jeffries_anne,,,
,@stargatedude,,,
,@SlamPapps,,,
,@bernie_shirts,,,
,@latestendeavor,,,
,@sharbowers,,,
,@ShanDeezie1,,,
,@DubAllDay,,,
,@CitizenWR,,,
,@Sinizt3r1,,,
,@ibstevie,,,
,@AmorGaia,,,
,@coralteach,,,
,@bernie_shirts,,,
,@GlennHeiser,,,
,@attendingstat,,,
,@dragonlady9947,,,
,@hannahlaylah,,,
,@KramerFry,,,
,@inartic,,,
,@jordenragels3,,,
,@buckeyemimi27,,,
,@Leepa_Faith,,,
,@snafu420247,,,
,@brooklynnygirl,,,
,@kidlamy,,,
,@Glertsgal,,,
,@coralteach,,,
,@mutehornsection,,,
,@AmorGaia,,,
,@darricklucas,,,
,@K810Mt,,,
,@Glertsgal,,,
,@Ma_c_m,,,
,@BVBDreamBig,,,
,@DrdaveAnddee,,,
,@CallawayBOT,,,
,@mrrwraoh,,,
,@ShyChemist,,,
,@castadiva95,,,
,@KarenRegis,,,
,@CAS2328,,,
,@EmpyreNews,,,
,@Patrick_Ruff,,,
,@riddararos87,,,
,@tantan73,,,
,@bernie_shirts,,,
,@Maliheh_,,,
,@diamond4dana,,,
,@KramerFry,,,
,@ND4Bernie,,,
,@TheOddDuckling,,,
,@hannahlaylah,,,
,@jaclynkellye,,,
,@thejackalspeaks,,,
,@6peasInTheirPod,,,
,@GOYG_88,,,
,@the_fire_berns,,,
,@theabsurdband,,,
,@AJSneakaHolic92,,,
,@ArielSicx,,,
,@scoutstandup,,,
,@Vbiii241,,,
,@itsirianaxoxo,,,
,@Che_Brent,,,
,@CAS2328,,,
,@Maliheh_,,,
,@rainiiidaze,,,
,@ArielSicx,,,
,@CyranoSinatra,,,
,@SJB6991,,,
,@saulnipolz,,,
,@dwill6413,,,
,@ConsiderThis1,,,
,@CassidyTiffani,,,
,@Vets4Bernie2016,,,
,@CyranoSinatra,,,
,@bunysrule,,,
,@PeterBentham,,,
,@ArielSicx,,,
,@Maliheh_,,,
,@enbyceratops,,,
,@PBDPacman,,,
,@BCayenneBird,,,
,@CesarOrteazer,,,
,@Team_LIBer8,,,
,@kokomoko53,,,
,@nkharding,,,
,@jgsf1987,,,
,@ArielSicx,,,
,@StopNuclearWar,,,
,@UvKLvr47,,,
,@random_inquirer,,,
,@Amoell16,,,
,@laadyjaayne,,,
,@RobinWyll,,,
,@zuma02,,,
,@xspd_xo,,,
,@Joshfather,,,
,@ConsultHardesty,,,
,@jesselaymen,,,
,@jeffries_anne,,,
,@UticanforBernie,,,
,@taxwallstr,,,
,@SandraHollibau1,,,
,@keyserlynnv,,,
,@azrocks1111,,,
,@taxwallstr,,,
,@angrycarsalemen,,,
,@taxwallstr,,,
,@UticanforBernie,,,
,@UticanforBernie,,,
,@keyserlynnv,,,
,@lysurie,,,
,@Prater_84,,,
,@MaxxFordham,,,
,@sunstretch,,,
,@lysurie,,,
,@V1RULmedia,,,
,@spandakolis22,,,
,@UticanforBernie,,,
,@keyserlynnv,,,
,@UticanforBernie,,,
,@lysurie,,,
,@bayarea_bias,,,
,@Colleencunnin16,,,
,@Bernie_Wins2016,,,
,@asweeney8767,,,
,@raymondlugoo,,,
,@KavehsApartment,,,
,@diamond4dana,,,
,@StopNuclearWar,,,
,@JeffMyers82,,,
,@bayarea_bias,,,
,@ChargerGreg2,,,
,@1Starkweather,,,
,@jgsf1987,,,
,@UvKLvr47,,,
,@GOPSurvivalKit,,,
,@GOPSurvivalKit,,,
,@People4Bernie,,,
,@SongCrafter_,,,
,@meason74,,,
,@HouseOfSchwa,,,
,@GOPSurvivalKit,,,
,@JonesRacovleur,,,
,@Luissf3,,,
,@ionse,,,
,@GOPSurvivalKit,,,
,@GOPSurvivalKit,,,
,@StopNuclearWar,,,
,@toreemichelle,,,
,@TheKidCorey_,,,
,@nkharding,,,
,@GrumpyGunsmith,,,
,@FP4_Bernie,,,
,@V1RULmedia,,,
,@proudmari,,,
,@thejackalspeaks,,,
,@ionse,,,
,@thejackalspeaks,,,
,@JeffMyers82,,,
,@Mannyratback1,,,
,@pollyantics,,,
,@Greg_MarineLab,,,
,@pollyantics,,,
,@Dani_Bush,,,
,@pollyantics,,,
,@w2the3rd,,,
,@AmKonDotNet,,,
,@AprilPachecOH,,,
,@HouseOfSchwa,,,
,@dragonlady9947,,,
,@Upgrayedd456,,,
,@dragonlady9947,,,
,@noraaaaa07,,,
,@ThoughtWeasel,,,
,@ibstevie,,,
,@kidlamy,,,
,@thejackalspeaks,,,
,@K810Mt,,,
,@primality,,,
,@hhmom10,,,
,@olierthanthou,,,
,@FP4_Bernie,,,
,@The_book_girl,,,
,@TommyBoy504,,,
,@Staggy44,,,
,@BuckeyePeach,,,
,@JoanieWebster,,,
,@abdullahadedeji,,,
,@nkharding,,,
,@thejackalspeaks,,,
,@merrilleewaa,,,
,@JoanieWebster,,,
,@abdullahadedeji,,,
,@BernieArtists,,,
,@eagarrett14,,,
,@tacomadan,,,
,@sharbowers,,,
,@_JMendiola,,,
,@Mary_Miskanis,,,
,@TheGameCherry,,,
,@ThebetterJD,,,
,@Vets4Bernie2016,,,
,@FDRobotWW2,,,
,@Vets4Bernie2016,,,
,@longhaul52,,,
,@maggie_lomax,,,
,@JanandJoeBisson,,,
,@FaithFortune99,,,
,@WaldenE,,,
,@SuperTwaddle,,,
,@MariArtiB,,,
,@Friduhhh_,,,
,@MMBJackMcCarr,,,
,@ibstevie,,,
,@Hoodoonola,,,
,@CallawayBOT,,,
,@Dani_Bush,,,
,@DrewsClues,,,
,@euretho1,,,
,@annali_gonzalez,,,
,@lysurie,,,
,@rebeleyeball,,,
,@kavn,,,
,@kassayyyy_,,,
,@ElBoss757,,,
,@UnknwnTrev,,,
,@LifeforceVibes,,,
,@QuarkLept0n,,,
,@V1RULmedia,,,
,@DrdaveAnddee,,,
,@eddie1971nyc,,,
,@AlexxxZombie30,,,
,@kacie_bean,,,
,@feathersnpaws,,,
,@ionse,,,
,@luckynycdp,,,
,@lisalosthername,,,
,@dragonlady9947,,,
,@nkharding,,,
,@SKITills,,,
,@herbluebody,,,
,@BuffaloDan01,,,
,@NathanBraun7,,,
,@XManSV,,,
,@Gitsegukladude,,,
,@PBDPacman,,,
,@KarenRegis,,,
,@decalarama,,,
,@torquefire,,,
,@leewm2012,,,
,@DubAllDay,,,
,@USA4Bernie,,,
,@LifeforceVibes,,,
,@ThinksEpic,,,
,@USA4Bernie,,,
,@Railing_red,,,
,@Hedvig406,,,
,@K810Mt,,,
,@hhmom10,,,
,@BookInBlack,,,
,@jeanmomalley,,,
,@cesar1209,,,
,@eastfrances,,,
,@Wild_Card09,,,
,@K810Mt,,,
,@USA4Bernie,,,
,@snafu420247,,,
,@ProFromWithin,,,
,@DrdaveAnddee,,,
,@YUGEEEEEE,,,
,@USA4Bernie,,,
,@qautumndaze,,,
,@JoanieWebster,,,
,@CallawayBOT,,,
,@mikegalliford,,,
,@kechallis,,,
,@zenaejirs,,,
,@YardrepShortbus,,,
,@Wild_Card09,,,
,@6peasInTheirPod,,,
,@BernieArtists,,,
,@Twitlertwit,,,
,@gabymccloud,,,
,@keyserlynnv,,,
,@thejackalspeaks,,,
,@laadyjaayne,,,
,@USA4Bernie,,,
,@devinedianakins,,,
,@Ramiro20133,,,
,@KSP_Collins,,,
,@ksophiewill,,,
,@K810Mt,,,
,@politlady,,,
,@bad_bad_bernie,,,
,@nkharding,,,
,@Vets4Bernie2016,,,
,@sorryimandrea,,,
,@ausgebombt1980,,,
,@Volkov2006,,,
,@irish4bernie,,,
,@thejackalspeaks,,,
,@K810Mt,,,
,@BernieArtists,,,
,@MsBitchHands,,,
,@benedictsalole,,,
,@TrapBernie,,,
,@BernieArtists,,,
,@ActionFollower,,,
,@ireneberns,,,
,@ionse,,,
,@mambavolcano,,,
,@Believe_Charly,,,
,@K810Mt,,,
,@V1RULmedia,,,
,@DrdaveAnddee,,,
,@dgendvil,,,
,@V1RULmedia,,,
,@hydrophoenix,,,
,@ShanDeezie1,,,
,@DubAllDay,,,
,@KimLowary,,,
,@DrdaveAnddee,,,
,@freeandclear1,,,
,@ireneberns,,,
,@MsBitchHands,,,
,@Americans4Bern,,,
,@DrdaveAnddee,,,
,@galen_,,,
,@nkharding,,,
,@proudmari,,,
,@Quicksilver2723,,,
,@MarieMarcell1,,,
,@adulting15,,,
,@laadyjaayne,,,
,@MarkoCiklovan,,,
,@DCSQ11,,,
,@DrdaveAnddee,,,
,@irish4bernie,,,
,@KyleTaylorLucas,,,
,@velvetrev,,,
,@Global_Drone,,,
,@Wild_Card09,,,
,@mrrwraoh,,,
,@cotangent2theta,,,
,@thejackalspeaks,,,
,@pilotcine,,,
,@shane_wink,,,
,@Snikxx,,,
,@qautumndaze,,,
,@ThebetterJD,,,
,@calleread,,,
,@Patrick_Ruff,,,
,@politlady,,,
,@KLondike415,,,
,@Nofeartohorses,,,
,@wjcormier,,,
,@rubies4ruth,,,
,@ireneberns,,,
,@roroxanna13,,,
,@maloncholy,,,
,@mrrwraoh,,,
,@DCSQ11,,,
,@P4sedBlog,,,
,@ireneberns,,,
,@chandradawn1,,,
,@DCSQ11,,,
,@GOPSurvivalKit,,,
,@CllrBSilvester,,,
,@KSP_Collins,,,
,@DCSQ11,,,
,@K810Mt,,,
,@GOPSurvivalKit,,,
,@bitchasspia,,,
,@DCSQ11,,,
,@CallawayBOT,,,
,@GOPSurvivalKit,,,
,@LauraSisuSalo,,,
,@thejackalspeaks,,,
,@DCSQ11,,,
,@GOPSurvivalKit,,,
,@mrrwraoh,,,
,@jennings_bobbi,,,
,@GOPSurvivalKit,,,
,@redrabbitsnpow2,,,
,@thejackalspeaks,,,
,@StopNuclearWar,,,
,@BernMagazine,,,
,@MariArtiB,,,
,@thejackalspeaks,,,
,@4AllSoulKind,,,
,@KarenRegis,,,
,@PledgeProgress,,,
,@Patbagley,,,
,@politlady,,,
,@Mariel_Bailey,,,
,@KarenRegis,,,
,@attendingstat,,,
,@DanielleIsHappy,,,
,@the_fire_berns,,,
,@unlewis,,,
,@dgendvil,,,
,@rnfapac,,,
,@ShanDeezie1,,,
,@Reason_Saves,,,
,@ju_ju_man,,,
,@ArtistGeneral,,,
,@dartsebastiani,,,
,@lydiatiderose,,,
,@proudmari,,,
,@HighbinderOrg,,,
,@DCSQ11,,,
,@DCSQ11,,,
,@thetimewasthen,,,
,@DCSQ11,,,
,@CallawayBOT,,,
,@techguy212,,,
,@K810Mt,,,
,@herbluebody,,,
,@eveactually,,,
,@techguy212,,,
,@AWildSilas,,,
,@laadyjaayne,,,
,@DCSQ11,,,
,@KimSeattle1,,,
,@Fixer_guy,,,
,@SexyAnimalsBand,,,
,@FereJohn,,,
,@MontriciaHubba1,,,
,@dgendvil,,,
,@DCSQ11,,,
,@BruceMezistrano,,,
,@IllIlIIllIll,,,
,@Vets4Bernie2016,,,
,@StopNuclearWar,,,
,@betsyforbernie,,,
,@DCSQ11,,,
,@ju_ju_man,,,
,@Vets4Bernie2016,,,
,@palesamorudu,,,
,@SexyAnimalsBand,,,
,@coralteach,,,
,@snakemaggot,,,
,@its_yarlis,,,
,@MickyOFlanagan,,,
,@betsyforbernie,,,
,@DCSQ11,,,
,@Vets4Bernie2016,,,
,@ireneberns,,,
,@captainjellico,,,
,@aloysiusbe,,,
,@torii_alexandra,,,
,@K4RJC,,,
,@Fixer_guy,,,
,@relombardo3,,,
,@MickyOFlanagan,,,
,@jgsf1987,,,
,@dbvlt,,,
,@unlewis,,,
,@bayarea_bias,,,
,@purpletaffy1,,,
,@SexyAnimalsBand,,,
,@YUGEEEEEE,,,
,@CamelotGypsy,,,
,@CallawayBOT,,,
,@heartrocksrock,,,
,@velvetrev,,,
,@azrocks1111,,,
,@laadyjaayne,,,
,@SexyAnimalsBand,,,
,@StopNuclearWar,,,
,@DNchef,,,
,@Vampire1812,,,
,@MuzzledAmerica,,,
,@Twitlertwit,,,
,@ThebetterJD,,,
,@meason74,,,
,@AchillesMJB,,,
,@MexisforBernie,,,
,@FereJohn,,,
,@BuffaloDan01,,,
,@_thalula_,,,
,@thejackalspeaks,,,
,@jpslapshot,,,
,@zoeneile,,,
,@Fixer_guy,,,
,@SexyAnimalsBand,,,
,@EpicComedyYT,,,
,@hilltopcustoms,,,
,@stunatra,,,
,@KarenRegis,,,
,@helena_jennie,,,
,@zie88z,,,
,@DCSQ11,,,
,@penguin_tocrazy,,,
,@UvKLvr47,,,
,@sage_gram,,,
,@ionse,,,
,@UvKLvr47,,,
,@MickyOFlanagan,,,
,@M2Meee,,,
,@girlgoat,,,
,@Sum_Dum_Fuk,,,
,@UtahForBernie,,,
,@Twitlertwit,,,
,@CallawayBOT,,,
,@Pennyvane10,,,
,@babshabits,,,
,@Reason_Saves,,,
,@thejackalspeaks,,,
,@DCSQ11,,,
,@SousDrew11,,,
,@ionse,,,
,@mierdakansada,,,
,@Wade_Turnbull,,,
,@ChristinaSereda,,,
,@Onusspears,,,
,@regibaby67,,,
,@jjubbu,,,
,@MClovesBernie,,,
,@ShanDeezie1,,,
,@adamsken,,,
,@atgiggleswick,,,
,@velvetrev,,,
,@BernMagazine,,,
,@ApplePieEnglish,,,
,@_StayyyChill,,,
,@CamelotGypsy,,,
,@robtomorrow,,,
,@CoolDaddyGroove,,,
,@StraightOuttaVT,,,
,@SEAAdams2,,,
,@Sharron_Yvonne,,,
,@chipmcgilicutty,,,
,@coralteach,,,
,@FereJohn,,,
,@Amy_A_M,,,
,@devinedianakins,,,
,@adamsken,,,
,@JustinRay93,,,
,@Bernie_Wins2016,,,
,@hsbriones,,,
,@ameekbhalla,,,
,@jjubbu,,,
,@Amy_A_M,,,
,@SepAlejandra12,,,
,@Che_Brent,,,
,@Amy_A_M,,,
,@attendingstat,,,
,@librab103,,,
,@castadiva95,,,
,@boffchops,,,
,@EricJafMN,,,
,@sirpercy24,,,
,@DCSQ11,,,
,@fran_b__,,,
,@DCSQ11,,,
,@DCSQ11,,,
,@Amy_A_M,,,
,@velvetrev,,,
,@Pamaldi,,,
,@jeffries_anne,,,
,@KarenRegis,,,
,@DCSQ11,,,
,@BeeTraven,,,
,@DCSQ11,,,
,@lisalosthername,,,
,@MDarleneI,,,
,@jeffries_anne,,,
,@rxcardo,,,
,@Bernie_Wins2016,,,
,@emulsiondown,,,
,@KarenRegis,,,
,@laetusatheos,,,
,@tacomadan,,,
,@GlennHeiser,,,
,@relombardo3,,,
,@ElBoss757,,,
,@bastayanomas,,,
,@cahillrn4,,,
,@JanandJoeBisson,,,
,@llarks,,,
,@velvetrev,,,
,@ralvarezdj,,,
,@DCSQ11,,,
,@APrcsaron,,,
,@nymets22,,,
,@ibstevie,,,
,@EssEnCe_Writes,,,
,@ohSAMah,,,
,@fondaconley14,,,
,@heartrocksrock,,,
,@Kithucae,,,
,@AlphWilliams,,,
,@OHenryHernandez,,,
,@hsbriones,,,
,@DCSQ11,,,
,@mwrusso,,,
,@adulting15,,,
,@MontriciaHubba1,,,
,@msbhavens1,,,
,@Femme4Indy,,,
,@Che_Brent,,,
,@AltinRabiya,,,
,@Carlene_Meyers,,,
,@h_n__k,,,
,@ohSAMah,,,
,@bea_Ug,,,
,@ItsDezzyDee,,,
,@nn99org,,,
,@tacomadan,,,
,@DCSQ11,,,
,@johnrenaud,,,
,@Twitlertwit,,,
,@hogwing,,,
,@GOPSurvivalKit,,,
,@OHenryHernandez,,,
,@joshross44,,,
,@velvetrev,,,
,@buckeyemimi27,,,
,@GOPSurvivalKit,,,
,@cotangent2theta,,,
,@Wendy_Astrology,,,
,@GOPSurvivalKit,,,
,@GarrettNicks,,,
,@SgtBM96,,,
,@3DTruth,,,
,@AdamNGuy,,,
,@GOPSurvivalKit,,,
,@joavargas_1220,,,
,@LHAFluvialMorph,,,
,@nn99org,,,
,@GOPSurvivalKit,,,
,@Bernie_Wins2016,,,
,@LA_Crystal,,,
,@FereJohn,,,
,@aloysiusbe,,,
,@StopNuclearWar,,,
,@alapresidence,,,
,@HighbinderOrg,,,
,@nymets22,,,
,@mierdakansada,,,
,@cerah_hedrick,,,
,@JorgensenJenica,,,
,@MichaelsMelissa,,,
,@Aurochz,,,
,@llarks,,,
,@adulting15,,,
,@zie88z,,,
,@Mariel_Bailey,,,
,@krishna_grace,,,
,@ConServ5,,,
,@SethTagle06,,,
,@Wendy_Astrology,,,
,@BeachBoysCDs,,,
,@KarenRegis,,,
,@DCSQ11,,,
,@CatherineDong,,,
,@ionse,,,
,@ionse,,,
,@C_Truth_,,,
,@captainjackgirl,,,
,@MysteryOnward,,,
,@DCSQ11,,,
,@ThatDawnMarie,,,
,@DCSQ11,,,
,@marta_michaud,,,
,@_arhas_,,,
,@DCSQ11,,,
,@2Bmcollins,,,
,@bunysrule,,,
,@Aroyaldmd,,,
,@nrauhauser,,,
,@UnitePunk,,,
,@SexyAnimalsBand,,,
,@Twitlertwit,,,
,@sanvai,,,
,@DCSQ11,,,
,@AstenSattoc,,,
,@stunatra,,,
,@alrightbcof5sos,,,
,@zie88z,,,
,@ajwottrich,,,
,@DCSQ11,,,
,@SgtBM96,,,
,@SexyAnimalsBand,,,
,@KramerFry,,,
,@laadyjaayne,,,
,@simoneeeXD,,,
,@alapresidence,,,
,@Greeenguy111,,,
,@JC_Christian,,,
,@SgtBM96,,,
,@johnsmith0224,,,
,@KarenRegis,,,
,@pashionhodges,,,
,@CallawayBOT,,,
,@ElsaLion2,,,
,@mikepepper64,,,
,@Midge1994,,,
,@FromDaNineZeros,,,
,@SgtBM96,,,
,@Nanitaisawesome,,,
,@mopar_oz,,,
,@SexyAnimalsBand,,,
,@zaibx,,,
,@Wendy_Astrology,,,
,@Wade_Turnbull,,,
,@bevhenwood,,,
,@Wild_Card09,,,
,@MutuFan,,,
,@llarks,,,
,@LouieMopardude7,,,
,@MysteryOnward,,,
,@SexyAnimalsBand,,,
,@DCSQ11,,,
,@SaVonniYestanti,,,
,@MysteryOnward,,,
,@akaXochi,,,
,@MarsalisHefner,,,
,@V1RULmedia,,,
,@SexyAnimalsBand,,,
,@bernie_shirts,,,
,@2sassy4anyone,,,
,@TimBartender,,,
,@feelthebern_usa,,,
,@hessiccaaa,,,
,@KoriWasinger,,,
,@DMGRECO,,,
,@dihoppy,,,
,@decalarama,,,
,@LightSeeker2012,,,
,@Yacovia,,,
,@BigSkyDem,,,
,@Old_Hag_Art,,,
,@pollyantics,,,
,@pollyantics,,,
,@nymets22,,,
,@404isnotfound,,,
,@mrs_mueller,,,
,@Women4Bernie,,,
,@llarks,,,
,@RuralBC,,,
,@KarenRegis,,,
,@manfredfinch,,,
,@WomanellaT,,,
,@llarks,,,
,@28studmuffin,,,
,@Greeenguy111,,,
,@proudmari,,,
,@fuckinggchinoo,,,
,@WomanellaT,,,
,@DCSQ11,,,
,@Courts_Burton,,,
,@DCSQ11,,,
,@Carlene_Meyers,,,
,@AmeliaAnnRoman,,,
,@Critical2016,,,
,@DCSQ11,,,
,@PSwye,,,
,@FereJohn,,,
,@MysteryOnward,,,
,@PledgeProgress,,,
,@freqflyer_ck,,,
,@ChadChadsurfing,,,
,@KLondike415,,,
,@ProgMid,,,
,@adulting15,,,
,@zie88z,,,
,@M2Meee,,,
,@harbreexoxo_,,,
,@KarenRegis,,,
,@CAforTrump2016,,,
,@laadyjaayne,,,
,@llarks,,,
,@Wendy_Astrology,,,
,@Kamikaze_98,,,
,@Trisha_Tahmasbi,,,
,@ElsaLion2,,,
,@aamomusic,,,
,@Gladari,,,
,@Ahbseen56,,,
,@DCSQ11,,,
,@SullaSnug,,,
,@JohnKisha,,,
,@DCSQ11,,,
,@LadyBracat,,,
,@CoolDaddyGroove,,,
,@IsobelGelman,,,
,@ju_ju_man,,,
,@Draigwenci,,,
,@benedictsalole,,,
,@SebastosPublius,,,
,@CallawayBOT,,,
,@nezy_esfandiari,,,
,@discussionsclub,,,
,@IamAmbett,,,
,@mierdakansada,,,
,@Angeliname55,,,
,@BernieArtists,,,
,@StopNuclearWar,,,
,@KarenRegis,,,
,@aamomusic,,,
,@myannakoureas,,,
,@kytuivory,,,
,@HAL9000and1,,,
,@emulsiondown,,,
,@CCinRI,,,
,@styleofawesome1,,,
,@DrdaveAnddee,,,
,@SethTagle06,,,
,@heartrocksrock,,,
,@DCSQ11,,,
,@NonMotivated,,,
,@emtgirl09,,,
,@Prop215Patient,,,
,@Feelin_The_Bern,,,
,@jeffries_anne,,,
,@DCSQ11,,,
,@xigeant,,,
,@DCSQ11,,,
,@PixelDitto,,,
,@rubies4ruth,,,
,@diamond4dana,,,
,@DCSQ11,,,
,@ElingCarin,,,
,@FACECarleton,,,
,@DCSQ11,,,
,@nezy_esfandiari,,,
,@onthetraill2016,,,
,@Wendy_Astrology,,,
,@GOPSurvivalKit,,,
,@KarenRegis,,,
,@GOPSurvivalKit,,,
,@ZBanshee,,,
,@GOPSurvivalKit,,,
,@nezy_esfandiari,,,
,@the_elsif,,,
,@zie88z,,,
,@GOPSurvivalKit,,,
,@NiteStar,,,
,@Women4Bernie,,,
,@GOPSurvivalKit,,,
,@message1mil,,,
,@AThomps54165814,,,
,@JoeMon49,,,
,@tacomadan,,,
,@C_Truth_,,,
,@19DollarsJustin,,,
,@ToTheXToTheY,,,
,@velvetrev,,,
,@tacomadan,,,
,@DividedByZeroX2,,,
,@nezy_esfandiari,,,
,@mambavolcano,,,
,@emulsiondown,,,
,@markcheck99,,,
,@GargamelClen,,,
,@tacomadan,,,
,@Draigwenci,,,
,@velvetrev,,,
,@MoonRisingPond,,,
,@PixelDitto,,,
,@PixelPaperProse,,,
,@mashrafinia,,,
,@PixelPaperProse,,,
,@Cristina4Bernie,,,
,@LATIN_GAWD,,,
,@elisesrn1,,,
,@SonyaTerri333,,,
,@mrrwraoh,,,
,@mashrafinia,,,
,@Ae4Bernie,,,
,@AWildSilas,,,
,@Simeagh,,,
,@dkacham,,,
,@Team_LIBer8,,,
,@ES_Raechel,,,
,@evspaugy,,,
,@LisaScher,,,
,@K810Mt,,,
,@mashrafinia,,,
,@AnnaHernandez69,,,
,@unspokenbond,,,
,@SophiaCariad,,,
,@akunoboss,,,
,@BakerStreet76,,,
,@KarenRegis,,,
,@Kithucae,,,
,@HeyMelRose,,,
,@FirasZatoon,,,
,@CarlAntoine,,,
,@LaurieKershner,,,
,@TomBales1,,,
,@ForeignC,,,
,@FreeSpeechOrDie,,,
,@LionheartRock,,,
,@Omegatropic,,,
,@krisahoy,,,
,@2noame,,,
,@ranumpowerplay,,,
,@linkacide,,,
,@malay,,,
,@Bajulee3,,,
,@Wild_Card09,,,
,@Bajulee3,,,
,@Bajulee3,,,
,@AZBatsA,,,
,@Bajulee3,,,
,@Bajulee3,,,
,@KevinWi48008254,,,
,@JR305MIAMI,,,
,@SlimBiggs87,,,
,@AdamNGuy,,,
,@Bajulee3,,,
,@Bajulee3,,,
,@WildflowerSRQ,,,
,@Luma923,,,
,@Bajulee3,,,
,@KevinWi48008254,,,
,@LowerBinfield,,,
,@Bajulee3,,,
,@gmulligan38,,,
,@LesaWilbert,,,
,@Onlyonelov3,,,
,@IMASOONERFAN1,,,
,@AntiGenderist,,,
,@lbragen,,,
,@RosanderJohan,,,
,@rjber15,,,
,@randyslaughter,,,
,@lbragen,,,
,@RosanderJohan,,,
,@OrianaBoo,,,
,@jlewis8817,,,
,@rjber15,,,
,@mrbacombits,,,
,@heatherwebb96,,,
,@townhalltz,,,
,@casofdism,,,
,@cmsNetherlands,,,
,@mingdanoob,,,
,@poodlelove55,,,
,@Wind2Energy,,,
,@akahighwaybob,,,
,@ArthurSolari,,,
,@heatherwebb96,,,
,@jcazen57s54,,,
,@Barrig,,,
,@ticker57,,,
,@ticker57,,,
,@Miller1000,,,
,@Carrot931,,,
,@1358531,,,
,@MiriamDanielle9,,,
,@CallawayBOT,,,
,@MartinReddy3,,,
,@BreameWicks,,,
,@prayforgeezy,,,
,@Kurokodairua,,,
,@wolfeprowler1,,,
,@jcazen57s54,,,
,@JSithavady,,,
,@_dailydoseofd,,,
,@BreameWicks,,,
,@EvansC34,,,
,@ChippyTrids62,,,
,@wolfeprowler1,,,
,@MamaB_L,,,
,@jlewis8817,,,
,@jcazen57s54,,,
,@LatinaAnarchist,,,
,@rwdcsw,,,
,@fleurdesarah,,,
,@Cityofraven,,,
,@PaulDaiker,,,
,@fleurdesarah,,,
,@RedactRedact,,,
,@OVERCOMER2TEN,,,
,@EvansC34,,,
,@CElaineBoyd,,,
,@jcazen57s54,,,
,@ShaharBar85,,,
,@BartMelville,,,
,@corinasfilip,,,
,@paigesarah1784,,,
,@CodingCamel,,,
,@The80sGeek,,,
,@YahNeNdgo,,,
,@yesisaidheslazy,,,
,@Bilal__M,,,
,@goldstandard93,,,
,@CElaineBoyd,,,
,@Sanderista,,,
,@Palestine4Bern,,,
,@TNWomen4Bernie,,,
,@BigHunterNY,,,
,@lucian_armasu,,,
,@lplzydeco,,,
,@gmoon47,,,
,@Igorsmaster,,,
,@SilkeWolfe,,,
,@hobbitj,,,
,@Enjoneer01,,,
,@lowlightpics,,,
,@v_spellmandem,,,
,@sinnaluvva,,,
,@Zacherydtaylor,,,
,@pitprince,,,
,@Maliheh_,,,
,@JanetRoberts8,,,
,@MKhaoS_86,,,
,@WitchPond,,,
,@DGNewYork13,,,
,@GFJurke,,,
,@ShaktiLila,,,
,@Hucktuey556,,,
,@shawnlivinlife,,,
,@meahgem,,,
,@hcvwinfla,,,
,@BigHunterNY,,,
,@Zacherydtaylor,,,
,@unionteach,,,
,@VisionConnects,,,
,@CallawayBOT,,,
,@queenofthevale,,,
,@ShaktiLila,,,
,@LuM1996,,,
,@hashtaghawaii,,,
,@RichSteve,,,
,@Akta_dig,,,
,@donald_nielsen,,,
,@lbragen,,,
,@whosthemummy1,,,
,@LaFayJJL,,,
,@sierracreator,,,
,@daoofknow,,,
,@lbragen,,,
,@judacris,,,
,@tmelissen1219,,,
,@TheRealCalderon,,,
,@Greenworks_Farm,,,
,@lbragen,,,
,@Libertea2012,,,
,@LifeforceVibes,,,
,@cowens_02,,,
,@lbragen,,,
,@MariePA99,,,
,@Avrilla23,,,
,@lbragen,,,
,@inshortorder,,,
,@lbragen,,,
,@navin_ryan,,,
,@lbragen,,,
,@Bugzee12,,,
,@SkinnyofOz,,,
,@lbragen,,,
,@WindyDane,,,
,@DarlenePelico,,,
,@hashtaghawaii,,,
,@MojoGuitarPlaye,,,
,@InnocentAvenger,,,
,@Bernie4PresUSA,,,
,@Avrilla23,,,
,@daslimm,,,
,@indydee,,,
,@baroqueartisan,,,
,@presley243,,,
,@MaryLoyer2,,,
,@lbragen,,,
,@bluedillygal,,,
,@Kayy_ventura89,,,
,@griselbahena1,,,
,@wimberley_jake,,,
,@Rafael_Navar,,,
,@mariannalemos,,,
,@dejones07,,,
,@vertigo49,,,
,@eelawl1966,,,
,@davhalter,,,
,@Whoniverse,,,
,@DebraLeigh8,,,
,@GerardDupin,,,
,@LaurieRay11,,,
,@don_DonE,,,
,@BarcaFriends,,,
,@ylove,,,
,@TammiLand1,,,
,@withitinBC,,,
,@jenpetersen12,,,
,@TammiLand1,,,
,@CampaignReg,,,
,@jevins123,,,
,@rhia_starsong,,,
,@Daylo1,,,
,@mjgon64,,,
,@Patta47cake,,,
,@GodandtheBear,,,
,@meowhannah,,,
,@TammiLand1,,,
,@DiscoverTheSelf,,,
,@wimberley_jake,,,
,@truthglow,,,
,@hjosua37,,,
,@theoc2ps,,,
,@threatcon5,,,
,@rhia_starsong,,,
,@cmsNetherlands,,,
,@carolynrobbin,,,
,@bsonder,,,
,@lullumave,,,
,@Soozieceu,,,
,@EnviroChem,,,
,@DebraLeigh8,,,
,@shelby0166,,,
,@TammiLand1,,,
,@Doughravme,,,
,@DiscoverTheSelf,,,
,@MercutioProzac,,,
,@TammiLand1,,,
,@HeartOverdBars,,,
,@CameronCulp12,,,
,@SheMarWat221,,,
,@NotAnotherKier,,,
,@withitinBC,,,
,@robinlynngood,,,
,@tacomadan,,,
,@soldier_nchrist,,,
,@DaleF3,,,
,@jlewis8817,,,
,@niall15,,,
,@chrisgiddens,,,
,@prashan_55,,,
,@dookiedill,,,
,@billfasano,,,
,@sroach3396,,,
,@DrKsdialectic,,,
,@svmbgrier,,,
,@Cooking4Bernie,,,
,@neaner069,,,
,@BmtPaula,,,
,@ChrisGallier85,,,
,@snafu420247,,,
,@MsBitchHands,,,
,@mobygrapefan,,,
,@DanCas2,,,
,@ctrtrt,,,
,@SilkeWolfe,,,
,@chrisbrando2121,,,
,@illiesunny,,,
,@lowlightpics,,,
,@Libertea2012,,,
,@dawn_ley,,,
,@TheToonist,,,
,@AngeIica_Pagan,,,
,@TovarRasputin,,,
,@mjgon64,,,
,@LaurieKershner,,,
,@DIFTOW,,,
,@EdDarrell,,,
,@ReverendWrath,,,
,@AmiraChow,,,
,@expertracer1,,,
,@LennyGrey,,,
,@EdDarrell,,,
,@krishna_grace,,,
,@Pb_Dirigible,,,
,@RaceIsALie,,,
,@bernieincville,,,
,@Feelin_The_Bern,,,
,@nosdoogm,,,
,@Eldivo23,,,
,@ohuhbubb,,,
,@EliNeely1,,,
,@BethCol77455974,,,
,@BramSLI1,,,
,@Pinefeather14,,,
,@Grierholdme,,,
,@ProfessorDNA,,,
,@coton_luver,,,
,@DWallSW6,,,
,@jdandur2,,,
,@sabou35876529,,,
,@KevnNorman,,,
,@shadowylynx,,,
,@JandklaneKaren,,,
,@llarks,,,
,@neaner069,,,
,@gaelblanchemain,,,
,@Fanny57,,,
,@Mellynjess,,,
,@DykstraDame,,,
,@IGOTCHABACK2016,,,
,@usrdxzdz,,,
,@EliNeely1,,,
,@Liomal,,,
,@wimberley_jake,,,
,@illiesunny,,,
,@SFCHCP123,,,
,@KDMALONENJ,,,
,@wavesofeuphoria,,,
,@yaileen_2,,,
,@bryce_kik,,,
,@Pinefeather14,,,
