Time,Screen Name,Tweet,Followers,RT
0:00:00,@CommanderSardes,"@WSJ it's too cold out side for #Angels to fly, It's even colder than a landlord's heart... #Housefull3 #housemusic #househunters¬¨ #LoveWins",3254,0
0:01:11,@mena24a,RT @Reneeitchka: I have loved seeing all the postings of mixed families! #InterracialFamily #LoveWins #throwbackpicture https://t.co/ucOQyc‚Ä¶,733,93
0:01:18,@mena24a,RT @Reneeitchka: I was just in @OldNavy this weekend! Bought something for me and my husband. #LoveWins https://t.co/fE5s97yDny,733,1025
0:01:39,@mlyjln,#LoveWins https://t.co/YuP64uZbe5,259,0
0:03:03,@SavageHenry715,RT @LemanieGrace: In 2016 there are still people who would hate my parents because of their different skin colors. https://t.co/IQMBw9ys16‚Ä¶,303,1
0:03:06,@SavageHenry715,"RT @LemanieGrace: ""Interracial Families Share Photos in Response to @OldNavy's Ad."" Behold: black, white & brown Stovalls. #LoveWins https:‚Ä¶",303,1
0:04:36,@godismikey,it's something so strange about 18 yo boys dating 25+ men. but hey #lovewins right? or does money? lmaooo,5667,0
0:05:27,@RealGlenMagro,North Carolina and Mississippi governments need to grow up and act their ages. #LoveWins,63,0
0:05:51,@JustMerelyn,RT @Reneeitchka: I was just in @OldNavy this weekend! Bought something for me and my husband. #LoveWins https://t.co/fE5s97yDny,134,1025
0:06:13,@imanbr,#LoveWins https://t.co/Y4w7Q88Rm7,59468,3
0:06:40,@Riezkyanow,RT @imanbr: #LoveWins https://t.co/Y4w7Q88Rm7,1094,3
0:06:44,@RockandLedge,RT @kharyp: Interracial Families Share Their Photos In Response To @OldNavy's New Ad #LoveWins https://t.co/0nJLMbGlO7 https://t.co/G09ND‚Ä¶,1199,26
0:07:33,@Carrie49444,#LoveWins üë´üë¨üë≠,9,0
0:07:36,@LoveWins_Dating,Seeking a soulmate for life? Find them at https://t.co/Cz6O3D7Tug #LoveWins #LGBT https://t.co/Qajlbhi2bj,1037,1
0:07:40,@PattyHerkins,@MelMajik9 #lovewins,18,0
0:07:41,@anggathehacker,RT @imanbr: #LoveWins https://t.co/Y4w7Q88Rm7,760,3
0:08:09,@shannen_kay,RT @Reneeitchka: I was just in @OldNavy this weekend! Bought something for me and my husband. #LoveWins https://t.co/fE5s97yDny,75,1025
0:08:41,@shannen_kay,RT @Reneeitchka: I have loved seeing all the postings of mixed families! #InterracialFamily #LoveWins #throwbackpicture https://t.co/ucOQyc‚Ä¶,75,93
0:09:22,@helloayessa,#lovewins üíì https://t.co/7XTyAil1Q0,677,0
0:10:25,@maulanadri25,RT @imanbr: #LoveWins https://t.co/Y4w7Q88Rm7,686,3
0:11:11,@PurpleMinah_19,@InfinitelySY @basedmyoui I love how the gif includes the gay kissing minions ‚ô• #LoveWins https://t.co/NZynAIiS7A,454,0
0:11:19,@JustMerelyn,RT @Reneeitchka: I have loved seeing all the postings of mixed families! #InterracialFamily #LoveWins #throwbackpicture https://t.co/ucOQyc‚Ä¶,134,93
0:11:31,@yourartcrush,#OldNavy 4 years after the wedding... #Plus1 #LoveWins #unbothered https://t.co/754NR7QT39,1358,0
0:12:55,@JDCortez_14,"My family isn't an interracial family, it's just a family. Thank you, @OldNavy. #LoveWins https://t.co/9lc5hnU66o",692,0
0:13:11,@MEETtheBatman,#LoveWins #goals https://t.co/9VfmaU4Np3,199,0
0:13:51,@jas21076,"Life is not about what you have , its about who you share it with...‚ù§ #LoveWins #life #ShareTheLove #enjoy",79,0
0:14:30,@kylekage,This @OldNavy criticism nonsense has me back on twitter for one day only #lovewins #interracialcouple https://t.co/izeqmzpryF,47,0
0:16:01,@voielactees,I'll choose old navy from now on. #OldNavy #LoveWins https://t.co/ca97gIzdYg,42,0
0:17:41,@alxslzy,RT @gayaussiede: This is one message from the church that I can't argue with! üòõüôèüèºüôåüèº #LoveWins #teamgay #teambottom http://t.co/RBumROe8xi,5450,26
0:18:38,@Allegratastic,THIS: https://t.co/jYZqcUMJhx #JackMcCain #ReneeSwiftMcCain #LoveWins,1719,1
0:19:34,@JAAYXVX,RT @gayaussiede: This is one message from the church that I can't argue with! üòõüôèüèºüôåüèº #LoveWins #teamgay #teambottom http://t.co/RBumROe8xi,266,26
0:19:38,@lexyInc_,"America, land of the free indeed. #LoveWins https://t.co/Fn246fHDIf",253,0
0:20:09,@herschww,"Well done, Jack! #LoveWins https://t.co/4bw1RPEzLX via @MicNews",29,0
0:20:18,@Mariajose1022,#LoveWins #OldNavy ‚ô•Ô∏è https://t.co/vuoxMhfFs7,97,0
0:21:10,@cutforgavin,RT @gayaussiede: This is one message from the church that I can't argue with! üòõüôèüèºüôåüèº #LoveWins #teamgay #teambottom http://t.co/RBumROe8xi,1307,26
0:21:21,@rxglenn,.@kcseopro Let's connect on #LinkedIn #GrowthHacker #LifeHacker #NothingCompares2U #LoveWins https://t.co/05Mra7wZV0,2172,1
0:22:42,@lovmylife24,@OldNavy @TODAYshow #lovewins,38,0
0:25:34,@ck94117,WTF is wrong w/ idiots in this country? Upbeat Interracial Ad for Old Navy Leads to Backlash https://t.co/f7pYO2HPzS #lovewins,87,0
0:25:57,@bostonCREAM_pie,@amaysing_ @TASH_mahall cool thanks for the clarification. Much love #lovewins,352,0
0:26:26,@gwenniepearl,RT @FFCCOOLJC: @OldNavy @TODAYshow #interracialfamiliesrock #lovewins #MentalHealthAwarenessMonth Racists need psychological help! https://‚Ä¶,46,12
0:27:58,@_revablitz,#lovewins #shesaidyes @AyeeitsRachael_ @KenzieK101 https://t.co/iXwjMfjibX,251,2
0:28:17,@KenzieK101,RT @_revablitz: #lovewins #shesaidyes @AyeeitsRachael_ @KenzieK101 https://t.co/iXwjMfjibX,434,2
0:28:20,@AyeeitsRachael_,RT @_revablitz: #lovewins #shesaidyes @AyeeitsRachael_ @KenzieK101 https://t.co/iXwjMfjibX,554,2
0:28:53,@robertocarelli,#LoveWins https://t.co/gZcTfAdPHD,58,0
0:29:26,@mayleechai,‚ù§Ô∏è #lovewins https://t.co/RqfPpeeVzi,1096,0
0:29:37,@loveandmush,RT @FFCCOOLJC: @OldNavy @TODAYshow #interracialfamiliesrock #lovewins #MentalHealthAwarenessMonth Racists need psychological help! https://‚Ä¶,196,12
0:31:08,@ElderBelanger,RT @FFCCOOLJC: @OldNavy @TODAYshow #interracialfamiliesrock #lovewins #MentalHealthAwarenessMonth Racists need psychological help! https://‚Ä¶,531,12
0:32:11,@Hugs4Chris,RT @camilamassieu: @chriscolfer this is my fav chapter bc children need to learn that love is love üòç‚ù§Ô∏èüíõüíöüíôüíú #LoveWins https://t.co/CEKH7UHECP,4178,5
0:32:34,@Kyounghayoo,RT @JeffreyAReddick: @Georgia_McBride @McCainJack @Reneeitchka #LoveWins #70's #InterracialFamily https://t.co/sKdQQ1H0S7,24600,1
0:32:55,@LoveWins_Dating,Start dating today at https://t.co/Cz6O3CQi5G for FREE #LoveWins https://t.co/CKCagkAHI7,1037,1
0:33:38,@Jenny_Lynne_M,#LoveWins :) https://t.co/jEFMlLezeC,11,0
0:33:41,@StMarksMpls,#saintmarksmpls #ourcathedral #godloveseverybody #lovewins #lovewins‚ù§Ô∏èüíõüíöüíôüíú @ Saint Mark's‚Ä¶ https://t.co/iivWZIf91I,30,0
0:33:58,@Lil_Pres_Bruh,RT @emilyxmadison: The fact that it's 2016 & people freaked out over an ad of an interracial family is disturbing #OldNavy #LoveWins https:‚Ä¶,701,61
0:34:16,@Itsjo____,RT @emilyxmadison: The fact that it's 2016 & people freaked out over an ad of an interracial family is disturbing #OldNavy #LoveWins https:‚Ä¶,455,61
0:34:19,@YupItsJamil,RT @emilyxmadison: The fact that it's 2016 & people freaked out over an ad of an interracial family is disturbing #OldNavy #LoveWins https:‚Ä¶,1219,61
0:36:13,@Marc12394,#MothersDay #son #kiss #love #LoveWins #amarillo #texas https://t.co/qFqJnRAx4g,134,0
0:36:59,@_gabbylopez,RT @emilyxmadison: The fact that it's 2016 & people freaked out over an ad of an interracial family is disturbing #OldNavy #LoveWins https:‚Ä¶,295,61
0:38:20,@LeifHenning,RT @rxglenn: .@kcseopro Let's connect on #LinkedIn #GrowthHacker #LifeHacker #NothingCompares2U #LoveWins https://t.co/05Mra7wZV0,1225,1
0:39:29,@PfsNation,RT @Khary4Congress: Suicide help lines have experienced double call volume with new NC law. #RepealHB2 #LoveWins https://t.co/kyONQ1MBgO ht‚Ä¶,481,1
0:40:23,@sez_001,Rt & follow baby #Lovewins,44,0
0:40:57,@LemanieGrace,Kids react to the 2013 @cheerios ad: https://t.co/3yFCE9ylS5 #LoveWins #LoveStillWinsYaJerks,633,0
0:41:22,@5uhaila,Love knows no color. Married for 5 years and expecting our first baby in October. Thank you @OldNavy #LoveWins https://t.co/YnNdW4QTdJ,966,0
0:41:23,@FFCCOOLJC,@halleberry @nytimes To all the racist tweets to @OldNavy #lovewins. Halle.. Please retweet this! Thx and we luv u! https://t.co/OA1WOD12lz,1709,1
0:42:30,@FFCCOOLJC,@JanetJackson #lovewins @OldNavy https://t.co/GEIYckNA02,1709,2
0:43:12,@GeneralMings,If #LIFE was only a simple as #TEA. Drink Tea. Love More. #LoveMeTomorrow #Yazu #DrinkTea #LoveWins https://t.co/WVXB7MedSD,1360,0
0:43:12,@StephenHerreid,"Example: ""I'm so pro-liberty I'm neutral on Leftist movements which seek to fine or imprison dissenters."" #LoveWins https://t.co/4hzFykviMP",921,1
0:43:27,@AmandaPresto,"RT @StephenHerreid: Example: ""I'm so pro-liberty I'm neutral on Leftist movements which seek to fine or imprison dissenters."" #LoveWins ht‚Ä¶",1517,1
0:45:36,@Mabel__pineslol,#LoveWins #MabelBot,2892,0
0:45:40,@Pretty_Renishia,RT @pattiemallette: Offended? Bitter? Got resentment? It's a trap to poison YOU! Forgive and let it go. #LoveisNOTselfSeeking #LoveIsHa‚Ä¶,273,1831
0:45:59,@Pretty_Renishia,RT @pattiemallette: You may NEVER be good enough for him or her.. Maybe even be a parent! But their opinion doesn't have to define you. #lo‚Ä¶,273,5324
0:46:03,@iAmMissMichelle,RT @emilyxmadison: The fact that it's 2016 & people freaked out over an ad of an interracial family is disturbing #OldNavy #LoveWins https:‚Ä¶,8342,61
0:46:08,@Pretty_Renishia,RT @pattiemallette: What is love? https://t.co/5JP8vYsEdI #lovewins üëäüèΩüî•,273,1736
0:46:11,@DirkMaravich,RT @emilyxmadison: The fact that it's 2016 & people freaked out over an ad of an interracial family is disturbing #OldNavy #LoveWins https:‚Ä¶,2070,61
0:46:16,@belley121,@JWinston31 @CJTThumper #LoveWins,295,0
0:46:49,@emmstheword,IACAdoptionHelp: Why Honesty Is Important In Open Adoptions https://t.co/dkbwAZpMPa #adoption #supermanwasadopted #adopt #lovewins,109,0
0:46:55,@ImALiveC,RT @theamazingmenow: love has no religion #LoveWins https://t.co/JTdMa0gJ85,271,7
0:46:56,@JudyAnn_67,RT @_MercyBeat: -Keep walking towards the Sun prayer for all - Sweet wonderful you's ! Stay happy best you can #LoveWins https://t.co/h4K3‚Ä¶,2736,3
0:47:00,@Pretty_Renishia,RT @pattiemallette: You are on point @danallender !! #LoveWins #BoldLoveBook https://t.co/Ut4ow0Zxqv,273,1258
0:47:01,@CowgirlProse,What if the Pieces Fell? @CowgirlProse #amwriting #poetry #reallygoodpoety #andyes #life #LoveWins https://t.co/kVeIh8VMGb,4607,1
0:47:30,@Pretty_Renishia,RT @pattiemallette: Yes God loves you exactly as you are but loves you way too much to leave you that way. #growinghurts #lovewins,273,3753
0:47:34,@Pretty_Renishia,RT @pattiemallette: No one is perfect. Not even you. Stop all the judging. Let it go. Life is short. #lovewins #noregrets,273,4500
0:48:25,@ErikaLordHodges,@OldNavy #LoveWins Thankful for our beautiful family and his brave Dad that defied laws for love! https://t.co/1wxGrBQcsB,11,0
0:49:47,@PETERYanni,RT @iamthebunda: This one's for all the racists haters out there. #OldNavy #LoveWins https://t.co/Xzh75lvUE4,296,16
0:49:55,@MuenchLisa,RT @CowgirlProse: What if the Pieces Fell? @CowgirlProse #amwriting #poetry #reallygoodpoety #andyes #life #LoveWins https://t.co/kVeIh8V‚Ä¶,671,1
0:49:59,@PETERYanni,RT @emilyxmadison: The fact that it's 2016 & people freaked out over an ad of an interracial family is disturbing #OldNavy #LoveWins https:‚Ä¶,296,61
0:50:06,@PETERYanni,RT @Angelparmar: 11 years together #OldNavy #LoveWins https://t.co/mWiMBHWrIJ,296,25
0:50:14,@Hibiscus1108,RT @AmbrosianSquad: And he ships himself and ambrose #LoveWins https://t.co/LhEDjs6RCW,22,6
0:50:23,@PETERYanni,RT @staceyvalley: Thank you @OldNavy for featuring interracial families in your ads! #oldnavy #LoveWins https://t.co/o7oMQErZPp,296,84
0:50:48,@JudyAnn_67,"@_MercyBeat ‚ô´ ""You make us HAPPY with the things you do"" ‚ô´ #LoveWIns Soul Sis! xoxo https://t.co/ZBUDNbwY0v",2736,0
0:50:55,@_xowhitt,I support you üíü @papinik_ #LoveWins https://t.co/nIDATJWx8I,788,1
0:52:04,@debrawright1771,How do you get rid of a bad migraineüò≠üò≠ . . . . #lovewins #loveislove #happypride‚Ä¶ https://t.co/dzCTCgseho,1147,0
0:52:30,@PurrStylo,RT @emilyxmadison: The fact that it's 2016 & people freaked out over an ad of an interracial family is disturbing #OldNavy #LoveWins https:‚Ä¶,1457,61
0:53:47,@Tota_Vallejo,@NiiaAlvaradog @sebastian10_07 jijijijiji #LoveWins üë¨üåà,379,0
0:53:48,@beatmastawes,With #love the world always looks better. #LoveWins https://t.co/0YddTF2MNX,210,0
0:54:03,@MaryOurStar,#LoveWins By love alone we will be judged. https://t.co/rUoqQO30Bo,210,2
0:55:46,@Cerium_58,"RT @simplyeveryblog: I can't believe the backlash of racism that @OldNavy has faced. As an interracial family, I am disgusted by the bigotr‚Ä¶",95,1
0:55:57,@jonathanmiami,RT @kimmiepearlman: Somedays I like being a lawyer and I love the law. Today is one of those all too rare days. #LoveWins,104346,3
0:57:23,@Tota_Vallejo,Hoy en #ConfesionesTuiterasDeMedianoche #LoveWins üë¨üåà https://t.co/sUP2A3uRMJ,379,1
0:57:54,@SheGoesByJenny,Pretty much makes me want to go buy a pair of cargo pants. https://t.co/Alrt5OpjNA #LoveWins @OldNavy,168,0
0:58:51,@SconnieTrader,@itsLeeee @dimsumyoulose @RussianBear @ExtraDividends #LoveWins #NeverDominos,958,0
,@letsgotothemall,,,
,@LoveWins_Dating,,,
,@lorsmoon,,,
,@analise21,,,
,@lorsmoon,,,
,@claudine_lavoie,,,
,@paugalang,,,
,@Normality77,,,
,@__ebz__,,,
,@Sarah_LaRocca,,,
,@twenty20sight,,,
,@ReghinaCrump,,,
,@TheDJF,,,
,@MyGood_Health1,,,
,@SouthBVintage,,,
,@Yay_Its_Sara,,,
,@pinkyphat1,,,
,@bridgetcgalvin,,,
,@EngleGarrett,,,
,@MaraBee36,,,
,@drrn_crss,,,
,@mattysmirchoff,,,
,@bmendoza9671,,,
,@bmendoza9671,,,
,@bmendoza9671,,,
,@bmendoza9671,,,
,@bmendoza9671,,,
,@dannyfigueroa,,,
,@mc_morn,,,
,@charlicutright,,,
,@WhiteWizaard,,,
,@ariebarie20,,,
,@jacqblacq,,,
,@JenP,,,
,@DinduNuffink,,,
,@iactup,,,
,@Belliiisima89,,,
,@TheThrashKing,,,
,@AninaNYC,,,
,@Don_GrandeZ,,,
,@SheGoesByJenny,,,
,@sondraduckert,,,
,@PamelaL21,,,
,@_joanness,,,
,@HaythamA518,,,
,@skalifowitz,,,
,@jazzchica,,,
,@ninabreygin,,,
,@BroyleLindaoven,,,
,@QueenLeanB,,,
,@VivaLaViNow,,,
,@TerrillB21,,,
,@MHvonHilte,,,
,@FFCCOOLJC,,,
,@jelixabetartist,,,
,@an_auld,,,
,@MissLilyRowan,,,
,@wensco40,,,
,@FFCCOOLJC,,,
,@USA4Bernie,,,
,@The_VinodJagtap,,,
,@The_Manikinhead,,,
,@ChantellSain,,,
,@kifleyeezus,,,
,@groom_of_chucky,,,
,@BujangJalang_,,,
,@kidrauhlch29,,,
,@joelstarkhoutx,,,
,@drizzy_ak,,,
,@______ZM,,,
,@Penasipenyair,,,
,@urisharf,,,
,@i_70s,,,
,@MarkyMark_89,,,
,@IndelibleImprov,,,
,@vickybell78,,,
,@AlbertoBernal92,,,
,@jpjeff10,,,
,@darcy6179,,,
,@CosmiixArtistry,,,
,@StrongDucks,,,
,@ColferDanger,,,
,@Feng_Tweet,,,
,@DorisDenise1,,,
,@thunderbuttocs,,,
,@iamERICAILAH,,,
,@Eiology,,,
,@Sonam,,,
,@CherylDBryant,,,
,@LoveWins_Dating,,,
,@boytoy1814,,,
,@Maalim_2015,,,
,@axelhygpe,,,
,@notyesbutyas,,,
,@lucieborel,,,
,@OdiniaInvictus,,,
,@endless_classic,,,
,@KingSmoke111,,,
,@MeskyMesc,,,
,@bp_mood_rider,,,
,@HeyJArmando,,,
,@datta_pavan,,,
,@BillLong333,,,
,@KBTLbacon,,,
,@MariaDY,,,
,@ZaynGagaGucci,,,
,@ZaynGagaGucci,,,
,@WaaadhaAbdallah,,,
,@cinnabuz,,,
,@AmmanuelSanta,,,
,@btsrslytho,,,
,@iheartjalo,,,
,@tehraka,,,
,@MomProTitus2,,,
,@mattlucas1968,,,
,@annajones55467,,,
,@annajones55467,,,
,@AntwonInDisBihh,,,
,@sas_elisa,,,
,@MyGood_Health1,,,
,@LishaLove8,,,
,@blasphamy75,,,
,@jungyiren,,,
,@Luis_Aguilar95,,,
,@Deexjay,,,
,@FFCCOOLJC,,,
,@kdmitchell7,,,
,@kdmitchell7,,,
,@slucasdesigns,,,
,@togoMass,,,
,@AMGreyPodcast,,,
,@JasonShoultz,,,
,@realwillhagens,,,
,@TheDaSeanButler,,,
,@marissamaym,,,
,@GhostCatHoarder,,,
,@arthanders,,,
,@KierstenMarie23,,,
,@CandaceA,,,
,@universenme,,,
,@waynebest,,,
,@MatchAffinity,,,
,@Thesismis,,,
,@stfargher,,,
,@Dieter117,,,
,@heartpresenceuk,,,
,@Coffeeshopsofa,,,
,@microprompt,,,
,@frdm4life,,,
,@xbeccajx_,,,
,@DominiqueVanpee,,,
,@KamyJSC,,,
,@aliciaavaraa,,,
,@FFCCOOLJC,,,
,@FakeJuli,,,
,@bmendoza9671,,,
,@bmendoza9671,,,
,@SincroHk,,,
,@eraivy,,,
,@6grammidisale,,,
,@H_Hunzo,,,
,@YanXinWang1,,,
,@kaarayokomoko,,,
,@melofvertes,,,
,@deny_deden,,,
,@suzanne64600721,,,
,@OfficialTASMACK,,,
,@iis0303,,,
,@JonJohnieee,,,
,@SydneyOrion,,,
,@PoliticsOnPoint,,,
,@CDZ_999,,,
,@Britt_OGrady,,,
,@BetoGonzalez70,,,
,@GodsonEnwere,,,
,@LyneFomiatti,,,
,@lalechuza93,,,
,@atorres890,,,
,@SampurnaMajumde,,,
,@itsonlytime21,,,
,@newsuperantonio,,,
,@JeremyP187,,,
,@cloudmusic2233,,,
,@puppydoghannah,,,
,@Stefanie_Cruz,,,
,@JimyZ,,,
,@petejeffrey,,,
,@herebewonder,,,
,@Bemychittaphon,,,
,@_2SEyeTHCM,,,
,@asuna_haelz,,,
,@OCKatalyst,,,
,@LachelleVance,,,
,@MyGood_Health1,,,
,@minaligg,,,
,@usakiD96,,,
,@EllyssaMorgan,,,
,@elysia_bui,,,
,@bbas_ali,,,
,@UnlockEmojis,,,
,@gennapko,,,
,@Kevinology101,,,
,@Amera23,,,
,@LeadsOrigins,,,
,@Judith_Brakman,,,
,@saat3oldu,,,
,@PlacidaLuis,,,
,@Gaybotarian,,,
,@Tunchimaxmillan,,,
,@whiskeyNyts,,,
,@BookBoyGirl,,,
,@TheModernMonk,,,
,@JON_AFTERWAR,,,
,@Orient999Yiming,,,
,@G0Z1_17430202,,,
,@OB_17430213,,,
,@womensaidSL,,,
,@fishvsflow,,,
,@_park_jimin_1,,,
,@_park_jimin_1,,,
,@ANAwards,,,
,@AFrugalTheory,,,
,@Javssxx,,,
,@AFrugalTheory,,,
,@zainsf_,,,
,@burningivory,,,
,@MB__Montgomery,,,
,@JessyKat564,,,
,@grantsierra1,,,
,@gllmcravero,,,
,@FranticallyCalm,,,
,@blo0dyheart,,,
,@HiuraMashi,,,
,@nikonickjohn92,,,
,@5b38d248e8ec4d7,,,
,@deebz08,,,
,@deebz08,,,
,@tvshowlist7,,,
,@tvshowlist7,,,
,@yesequality2016,,,
,@shinyyylove,,,
,@ChaelMontgomery,,,
,@WipeHomophobia,,,
,@ValsCappuccino,,,
,@kharyp,,,
,@jenchocolate24,,,
,@bunnyfarrell,,,
,@pridelife,,,
,@magikfingers3,,,
,@oopsmykendall,,,
,@Flo098,,,
,@BeautyofDamon,,,
,@CtheIntern,,,
,@Nubilasoles,,,
,@thegaysay,,,
,@HerPinkBox4You,,,
,@Arshloc,,,
,@Martine_573,,,
,@Allequal1,,,
,@MaryDram,,,
,@GeraldMStyles,,,
,@MyGood_Health1,,,
,@paulhaganrea,,,
,@5thCDWIDems,,,
,@5thCDWIDems,,,
,@leastimnotu,,,
,@MansukhaniNeil,,,
,@leastimnotu,,,
,@IsisOfMine,,,
,@JeffreyAReddick,,,
,@ksophisticatedk,,,
,@donorlinks,,,
,@JeffreyAReddick,,,
,@ssschultze,,,
,@HolmesNZ,,,
,@DrAnd14,,,
,@LoveWins_Dating,,,
,@ruthieshusband,,,
,@jamesbryronlove,,,
,@Meshalx98,,,
,@sipmistr,,,
,@jconlaw23,,,
,@Bestiari1,,,
,@NaufyRaoul,,,
,@SpiritualMarie,,,
,@bellanatividad,,,
,@brothasoap,,,
,@BestiariMuseu,,,
,@Maxmax216,,,
,@brothasoap,,,
,@jconlaw23,,,
,@brothasoap,,,
,@jconlaw23,,,
,@MoniMonyx,,,
,@vernonmorgan02,,,
,@sharkchittur,,,
,@TheShakNasty,,,
,@PaolaNy2,,,
,@Emma_Adorer,,,
,@Rosy9x,,,
,@Airwaysfoodie,,,
,@APShanks,,,
,@Rob_lan9,,,
,@Doob_MarO,,,
,@AchaMarJao_,,,
,@JessMoentadj,,,
,@Dima_Alessa,,,
,@jxsmineeee_,,,
,@SaraMontaldi,,,
,@IzerGibson,,,
,@Jennyfedez,,,
,@Kia_8RP,,,
,@TimKGray,,,
,@xstar_angel,,,
,@zanderstar,,,
,@SuzyRuggles,,,
,@BulliesKeepOut,,,
,@mayra_cali,,,
,@Marisol13406,,,
,@LuluMotown,,,
,@moniquelai,,,
,@TheWooApp,,,
,@_t_a_s_n_x_x_m_,,,
,@JayePleasant,,,
,@dannyadam88,,,
,@carterseagrove,,,
,@michelle_Y26,,,
,@mozartmama,,,
,@outloud_say,,,
,@ura_modi,,,
,@Waymond2609,,,
,@mrsmercedesb,,,
,@aathompson44,,,
,@zHTempest14IM,,,
,@PrntsMgzine,,,
,@aathompson44,,,
,@Trizzzy_T,,,
,@JasonDaRuler,,,
,@snackysmores,,,
,@WymanLynne,,,
,@carlaghione,,,
,@LuckaF9,,,
,@aathompson44,,,
,@official__talal,,,
,@spiritva,,,
,@JON_AFTERWAR,,,
,@k8Elligatori4,,,
,@momofeak,,,
,@hoodedrebels,,,
,@Stroll_Florence,,,
,@mrbuffs,,,
,@uRbeaner462k9,,,
,@Zoe7030,,,
,@DanaJacoviello,,,
,@UnknwGuy,,,
,@NC_Zero,,,
,@LDemaere,,,
,@vicmassarelli,,,
,@LeezVr,,,
,@NC_Zero,,,
,@befouryouth,,,
,@blakjaxx,,,
,@arcticzee,,,
,@iamdancingmuffi,,,
,@DewulfKelsey,,,
,@MrBiodun,,,
,@GlenysVargas,,,
,@eviehome,,,
,@JenMurray41,,,
,@MrBiodun,,,
,@LifeOfOneLove,,,
,@TheWooApp,,,
,@taengguuk,,,
,@Katiethecarlady,,,
,@dimsadtya,,,
,@bloemenstyling,,,
,@MaryMRaines,,,
,@LifeOfOneLove,,,
,@IssuesVoter,,,
,@Rynkman,,,
,@thevalkirias,,,
,@laurencabeyow,,,
,@0vahcapsize_,,,
,@xbeccajx_,,,
,@thayygms,,,
,@Commitmag,,,
,@Erica62405,,,
,@deliiinnaa,,,
,@andreaglevine,,,
,@TheRealMsMurphy,,,
,@YesEqualityNI,,,
,@Walt_media_info,,,
,@debrawright1771,,,
,@debrawright1771,,,
,@FansMeet1D,,,
,@TapsDinnybbe,,,
,@liyaJ81,,,
,@kharyp,,,
,@SterolineX1,,,
,@cdlacy,,,
,@TheVillageLink,,,
,@cdlacy,,,
,@ShelleyGazz1466,,,
,@AuthorLilaVale,,,
,@france_chiasson,,,
,@JayMaria2k12,,,
,@MsLagerfelt,,,
,@alyssasingson,,,
,@ChancellorDaws,,,
,@ResLegalDiva,,,
,@bryllalo,,,
,@roselle021412,,,
,@LightwoodBane96,,,
,@roselle021412,,,
,@chipke7,,,
,@MatrimonioGayUk,,,
,@lippolife,,,
,@ResLegalDiva,,,
,@alwalleD2013,,,
,@bend_time,,,
,@AllenBongco,,,
,@TruthfulLiquor,,,
,@MyGood_Health1,,,
,@kiharukitty,,,
,@hansgbautista,,,
,@GiselleDelgado,,,
,@stydiobrien,,,
,@emma_grns,,,
,@FFCCOOLJC,,,
,@Asher25,,,
,@xblackstairs,,,
,@TeenKpopHunter,,,
,@ShooksToGo,,,
,@ShadowMarauders,,,
,@Beepboopzzt,,,
,@AccioMalec_,,,
,@PercelineAizle,,,
,@japindo87,,,
,@caputmundiHeidi,,,
,@MalecsShadow,,,
,@NeriPandina,,,
,@brooks_angy,,,
,@GroundedGiver,,,
,@LightwoodBane96,,,
,@hasliniazmi034,,,
,@brooks_angy,,,
,@caputmundiHeidi,,,
,@voidaddario,,,
,@chelthompson99,,,
,@debrawright1771,,,
,@SasaRichardson,,,
,@DDownesD,,,
,@CaliKay10,,,
,@SasaRichardson,,,
,@calibrastiles,,,
,@ynusia,,,
,@susieloves5sos,,,
,@sweatshirt_red,,,
,@idkitssophia,,,
,@buckybarnesing,,,
,@clarkesbiscuit,,,
,@ShadowMarauders,,,
,@LightwoodBane96,,,
,@GallavichMalec,,,
,@lindsaymaura,,,
,@sarahdavid77,,,
,@buteraballads,,,
,@MandySullivin,,,
,@G0Z1_17430202,,,
,@starspanglenman,,,
,@ShadowMarauders,,,
,@ScottyMcGlynn,,,
,@tryingtoscream,,,
,@Kassioppe,,,
,@ana_michaelsen,,,
,@_nicolegemmell,,,
,@dompuppy,,,
,@sizzysaphael,,,
,@CandiceAFp,,,
,@G0Z1_17430202,,,
,@LushLawyer,,,
,@yama_pi_9110,,,
,@yama_pi_9110,,,
,@VickiMalacyne12,,,
,@jedifray,,,
,@xmasboyvt,,,
,@hotdaddario,,,
,@DVDDYOREO,,,
,@AkhimullahM,,,
,@KoyaMarten,,,
,@irfyandi,,,
,@Luis333LKNG,,,
,@gaynewsradio,,,
,@dobb37,,,
,@EpulKemal,,,
,@ka_moll,,,
,@AenYahidin,,,
,@CathyPegau,,,
,@queeenmiller,,,
,@brutzchel,,,
,@SakuMorgenstern,,,
,@FcknxLarried,,,
,@The_SheenaMarie,,,
,@wilmichaeldemp,,,
,@harrysdaddario,,,
,@gettinhighalldr,,,
,@tleestein,,,
,@stydiamypillow,,,
,@handmaiden4life,,,
,@cristfarias,,,
,@marleyxhs,,,
,@brxveharry,,,
,@LouisIsABottom,,,
,@Dml62Doug,,,
,@o2bwiser,,,
,@Hsewvs_n_pols,,,
,@Dml62Doug,,,
,@LGBT_Activist,,,
,@Dml62Doug,,,
,@SymphonyMind,,,
,@LisaKelly2013,,,
,@RecreioGringo,,,
,@MuisiCrazy,,,
,@TheDeathKnight,,,
,@pieldenopal,,,
,@Jmrpportugal,,,
,@slayersins,,,
,@NordicBaltLGBT,,,
,@David26318630,,,
,@Viny_san,,,
,@AllAroundMBrown,,,
,@SouthOVegas,,,
,@Herondale666,,,
,@LadyComyn,,,
,@harphan75,,,
,@Prolitarea,,,
,@ChaosRind,,,
,@boredinohio2,,,
,@elchapoje,,,
,@Maria_Giesela,,,
,@LwaziM6,,,
,@lendogli,,,
,@cobaltskky,,,
,@peaceandbritton,,,
,@PaulHuber,,,
,@CurateLGBTQI,,,
,@stephanieyamzon,,,
,@drummermanian,,,
,@anjahurts,,,
,@LoveToDance323,,,
,@twilight1113,,,
,@EnfantProdige,,,
,@RedEidolon,,,
,@CBCelestine444,,,
,@randallwatts,,,
,@Corinto1965Lugo,,,
,@19lxxv,,,
,@nosoybogar,,,
,@KOKOChatter,,,
,@jimyumang,,,
,@anjahurts,,,
,@joshuamerto75,,,
,@paintergal120,,,
,@namjinhope_,,,
,@malheurwoman,,,
,@Special_KGM,,,
,@khairahmajid,,,
,@gerardomignone,,,
,@TTPWYF,,,
,@tYbigboy123_5Fd,,,
,@Angel_mary2961,,,
,@Paula_Dorepa,,,
,@HardcoreGayGOP,,,
,@politico_t,,,
,@sblack78,,,
,@serafiery,,,
,@papatorres14,,,
,@ulisesvalladar6,,,
,@fondlinsons,,,
,@Pretty_boy_Alec,,,
,@72gowerstreet,,,
,@WowBoxTweets,,,
,@sempreconzain,,,
,@Lestatbp,,,
,@myouinemo,,,
,@Brisomph,,,
,@GenCabFin2604,,,
,@Toniegarza,,,
,@WrDaMayaniz,,,
,@thatkruegergirl,,,
,@360chick,,,
,@undo_set3,,,
,@Tubby_Penguin,,,
,@mjamgb22,,,
,@missyoutoo222,,,
,@SincroHk,,,
,@hikaruhiks,,,
,@Malec_Lover1,,,
,@MgmtforMill,,,
,@Malec_Lover1,,,
,@ninergirlnaz,,,
,@drkimalexander,,,
,@AwilLadan,,,
,@TheRealJamila,,,
,@CarolMasciola,,,
,@toots069,,,
,@AwilLadan,,,
,@RoelandCB,,,
,@cdlacy,,,
,@humanitarian01,,,
,@heartnsoulevent,,,
,@EvilJoeSwiatek,,,
,@cdlacy,,,
,@stephen__90,,,
,@B2GAdotcom,,,
,@debrawright1771,,,
,@drkimalexander,,,
,@hyeyoothere,,,
,@hyeyoothere,,,
,@SherriAnnSmith,,,
,@BOB_by_DOP,,,
,@mariah_ely,,,
,@BeccaNB_,,,
,@selenasorridi,,,
,@amybilove,,,
,@kxyceencl,,,
,@SepticLaura,,,
,@Unique914_,,,
,@ReyesJcarlos_,,,
,@LoveRunSmile,,,
,@Jenn74_liberal,,,
,@46clip,,,
,@philgetzen,,,
,@alanacto2009,,,
,@cate241999,,,
,@CherylDBryant,,,
,@sosa_writer,,,
,@MorBlur,,,
,@RihOnMyBlood,,,
,@MyGood_Health1,,,
,@KennySpurlock,,,
,@augieisanarchy,,,
,@tjcj911,,,
,@IRSBYGOD2,,,
,@joaomus,,,
,@TeamBrisom,,,
,@RoyceLovett,,,
,@LouuWhite54,,,
,@ABFanGonzalez,,,
,@feefreeman,,,
,@jagacnr,,,
,@Lawilc01,,,
,@BritLGBTAwards,,,
,@InSchoolOfLife,,,
,@TaniaMaria1054,,,
,@ca_thomas6,,,
,@6_26_15LoveWins,,,
,@isvshop10nu,,,
,@kerrye77,,,
,@friendlyChxxm,,,
,@alii_eldeen,,,
,@Magicstix_Art,,,
,@Sleepygallavich,,,
,@KaylaAleise,,,
,@_Tai17,,,
,@BhanteS,,,
,@BhanteS,,,
,@BhanteS,,,
,@BhanteS,,,
,@BhanteS,,,
,@BhanteS,,,
,@Jaco199797,,,
,@LGBT_TRAVELS,,,
,@BhanteS,,,
,@damnGERDiEhot,,,
,@BhanteS,,,
,@SabrinaOMalone,,,
,@playdates_pres,,,
,@KCCODrew,,,
,@elie9uevara,,,
,@elie9uevara,,,
,@elie9uevara,,,
,@peri_gisele,,,
,@deanmyw,,,
,@beapampolina,,,
,@petipaw,,,
,@eleniNYC,,,
,@incogitoergosum,,,
,@Decaying_Brom,,,
,@nerdstrap,,,
,@reelmancoop,,,
,@msn00100msms,,,
,@EmmaryDesign,,,
,@RickArtz50,,,
,@blackjewelbox,,,
,@TaraKinsellaMS,,,
,@LacyChenault,,,
,@brenda_remona,,,
,@juandiegocullen,,,
,@MischkaMoss,,,
,@Sea924,,,
,@ahmanduh82,,,
,@WinKKnight,,,
,@JMDilling,,,
,@Mrsbeautiful_35,,,
,@JacquelineSit,,,
,@Agitated_Guy,,,
,@brenda_remona,,,
,@brenda_remona,,,
,@g3editor,,,
,@brenda_remona,,,
,@brenda_remona,,,
,@brenda_remona,,,
,@PosadaPamela,,,
,@brenda_remona,,,
,@elyselupin,,,
,@msn00100msms,,,
,@ericwhatsnext,,,
,@gbmrhino,,,
,@vonnwadukwe,,,
,@itsChikiTiki,,,
,@maura_boo,,,
,@malecrune,,,
,@Abd_shana,,,
,@maria_mckenzie,,,
,@shanaweera,,,
,@madebymissm,,,
,@MalyndaHale,,,
,@doughnutdonkey,,,
,@doriowen,,,
,@ktondryk,,,
,@fikri_mahmod,,,
,@clintonkowach,,,
,@anne_issa_calil,,,
,@nishapra,,,
,@sez_001,,,
,@SonnyBgirlFouch,,,
,@FahadMuzik,,,
,@dmomd,,,
,@dmomd,,,
,@dmomd,,,
,@redjuly7,,,
,@redjuly7,,,
,@vonnwadukwe,,,
,@premdivya,,,
,@lizasoberabbit,,,
,@10414MSM,,,
,@Th3Hundred,,,
,@SymphonyMind,,,
,@MrMichaelWarner,,,
,@elsiqan_eltwila,,,
,@stschultze,,,
,@felipekblo,,,
,@AciditaCid,,,
,@tarabeti,,,
,@jenpjulongbayan,,,
,@r_twijnstra,,,
,@FerMh26,,,
,@canarycry_,,,
,@DanielleDrisner,,,
,@guigmbr,,,
,@thejossgroup,,,
,@thejossgroup,,,
,@ScottSWPDX,,,
